timestamp,rx_rate,tx_rate,packet_rate,utilization,min_latency,avg_latency,max_latency,packet_loss,utilization_warning,delay_warning,packet_loss_warning,congestion_score,critical_condition,congestion
2026-09-16 16:53:40.274582,0.0,0.0050937720023255,6.518024190049227,0.0509255919936798,0.069,0.194,0.563,0.0,0,0,0,0,0,0
2026-09-16 16:53:48.124427,8.356852906012794e-05,0.0054931020930986,7.006507771809507,0.0550107289457987,0.083,0.196,0.365,0.0,0,0,0,0,0,0
2026-09-16 16:53:55.984128,8.346373481637532e-05,0.005070930815307,6.488796456760887,0.0506729770848161,0.076,0.202,0.489,0.0,0,0,0,0,0,0
2026-09-16 16:54:03.834245,8.356563348036723e-05,0.0050771217804779,6.496718456552941,0.0507673371186493,0.064,0.195,0.363,0.0,0,0,0,0,0,0
2026-09-16 16:54:11.671285,0.0001265784020497,0.0051284668701448,6.635158171962884,0.0512873246142151,0.066,0.224,0.481,0.0,0,0,0,0,0,0
2026-09-16 16:54:19.498305,0.0,0.0050921040191541,6.515889827801641,0.0508817752791991,0.094,0.233,0.591,0.0,0,0,0,0,0,0
2026-09-16 16:54:27.337143,0.0001551250325622,0.0050007411812822,6.378496404696716,0.0500877319893963,0.081,0.206,0.739,0.0,0,0,0,0,0,0
2026-09-16 16:54:35.172139,8.372690936919432e-05,0.0051583944650386,6.636889157314183,0.051539361534183,0.061,0.2,0.49,0.0,0,0,0,0,0,0
2026-09-16 16:54:43.088758,0.000125306017632,0.0050769147788974,6.56846060167857,0.0507256669889049,0.081,0.2,0.813,0.0,0,0,0,0,0,0
2026-09-16 16:54:50.935480,0.0,0.0050793184720957,6.499529357609458,0.0508545356214239,0.078,0.197,0.745,0.0,0,0,0,0,0,0
2026-09-16 16:54:58.782403,8.359964791294626e-05,0.0049955887167492,6.371924383608708,0.0499956978271688,0.075,0.161,0.322,0.0,0,0,0,0,0,0
2026-09-16 16:55:06.631360,8.357798367349955e-05,0.0050778721300167,6.497678608762922,0.0508044542178564,0.08,0.185,0.589,0.0,0,0,0,0,0,0
2026-09-16 16:55:14.457009,8.38269132694298e-05,0.0050929961208329,6.517031366983109,0.0508072891774676,0.088,0.171,0.405,0.0,0,0,0,0,0,0
2026-09-16 16:55:22.303868,0.0001264200108603,0.0051220494722792,6.626855408004655,0.0512885526349456,0.101,0.169,0.278,0.0,0,0,0,0,0,0
2026-09-16 16:55:30.188950,0.0,0.0050546081828952,6.467909908863345,0.0505189361563885,0.074,0.146,0.301,0.0,0,0,0,0,0,0
2026-09-16 16:55:38.061057,8.333220064208986e-05,0.0049796071115395,6.351539683086116,0.049849327777093,0.065,0.151,0.297,0.0,0,0,0,0,0,0
2026-09-16 16:55:45.871706,8.39878990849544e-05,0.0051027769907468,6.529547032519321,0.0508826549632952,0.063,0.13,0.263,0.0,0,0,0,0,0,0
2026-09-16 16:55:53.706216,8.373210322023968e-05,0.0050872358322345,6.509660463768634,0.0508876176947643,0.075,0.134,0.369,0.0,0,0,0,0,0,0
2026-09-16 16:56:01.535010,0.0,0.0050909501514537,6.51441333109544,0.0509691143756999,0.061,0.143,0.362,0.0,0,0,0,0,0,0
2026-09-16 16:56:09.367084,0.0001266586602731,0.0051317186226789,6.6393652562526855,0.0513171085975896,0.067,0.141,0.329,0.0,0,0,0,0,0,0
2026-09-16 16:56:17.226427,8.346753666305185e-05,0.0049876942640116,6.36185492858627,0.0499352659353534,0.071,0.137,0.365,0.0,0,0,0,0,0,0
2026-09-16 17:02:51.613962,6.937338929842191e-05,0.3289159531880235,1.3286423973820571,94.70851583468128,0.028,47.568,107.241,0.0,1,1,0,2,1,2
2026-09-16 17:02:59.275720,0.0,9.456068959630414,33.673733887183595,94.17775158812152,0.038,47.504,105.653,0.0,1,1,0,2,1,2
2026-09-16 17:03:07.000080,8.492612980233962e-05,9.379347415190386,33.27136487683122,94.62280749484894,0.048,22.179,104.662,0.0,1,1,0,2,1,2
2026-09-16 17:03:14.852028,8.354614676510848e-05,1.4088529368763012,10.697982207727303,14.245267485306606,0.065,0.264,2.085,0.0,0,0,0,0,0,0
2026-09-16 17:03:22.686753,8.372980544945739e-05,0.0050870962286487,6.509481826101108,0.050898156640942,0.065,0.204,0.742,0.0,0,0,0,0,0,0
2026-09-16 17:03:30.626276,4.231992274598864e-05,0.0050622688541868,6.549511853545861,0.0507620967379668,0.065,0.148,0.442,0.0,0,0,0,0,0,0
2026-09-16 17:03:38.562051,8.266363398659867e-05,0.0049396561772479,6.300581858734654,0.0495827501418573,0.095,0.198,0.473,0.0,0,0,0,0,0,0
2026-09-16 17:03:46.412957,8.35572353050718e-05,0.0050766115401203,6.496065549632106,0.0504667295660577,0.076,0.202,0.481,0.0,0,0,0,0,0,0
2026-09-16 17:03:54.263150,0.0001263663199108,0.00511987412284,6.624040963069316,0.0512276298505314,0.093,0.226,0.467,0.0,0,0,0,0,0,0
2026-09-16 17:04:02.201795,8.263374921035014e-05,0.0050205041288532,6.424270136780269,0.0501497399349033,0.069,0.198,0.444,0.0,0,0,0,0,0,0
2026-09-16 17:04:10.039900,0.0,0.005084902537029,6.506674763861929,0.0508032823416845,0.067,0.212,0.755,0.0,0,0,0,0,0,0
2026-09-16 17:08:43.090616,6.609761096542958e-05,2.201230045483565,6.405403456257554,95.5710203529158,1955.646,2253.181,2592.395,0.0,1,1,0,2,1,2
2026-09-16 17:12:57.115348,6.934757832949903e-05,3.818179215715106,9.806131790348664,84.00710014951468,0.046,44.658,107.457,0.0,1,1,0,2,1,2
2026-09-16 17:13:04.934510,8.389645846959047e-05,8.258753047960893,30.05437155541732,84.19220774889776,0.083,3.085,91.504,0.0,1,1,0,2,0,1
2026-09-16 17:13:12.767579,8.374750688395569e-05,0.1398705922289207,7.149177416923048,1.3985806257182594,0.078,0.195,0.59,0.0,0,0,0,0,0,0
2026-09-16 17:13:20.590552,0.0,0.0050947382791682,6.519260644258902,0.0510030288580762,0.062,0.177,0.468,0.0,0,0,0,0,0,0
2026-09-16 17:13:28.417171,8.381652409552579e-05,0.0050085483910741,6.388454580451661,0.0501147819064285,0.071,0.147,0.393,0.0,0,0,0,0,0,0
2026-09-16 17:13:36.251405,8.373505310155402e-05,0.0050874150555114,6.509889799053743,0.0508227465060767,0.069,0.192,1.603,0.0,0,0,0,0,0,0
2026-09-16 17:13:44.091908,8.366810139604564e-05,0.0050833473311597,6.504684712192573,0.0509171244112272,0.066,0.199,0.611,0.0,0,0,0,0,0,0
2026-09-16 17:13:51.945362,8.353012572557246e-05,0.0050749644678634,6.493957945128347,0.0507337136994081,0.093,0.185,0.341,0.0,0,0,0,0,0,0
2026-09-16 17:13:59.803859,4.275626751527678e-05,0.0051144639999226,6.617041401173787,0.0511415871076607,0.083,0.191,0.776,0.0,0,0,0,0,0,0
2026-09-16 17:14:07.652179,8.358476718584359e-05,0.0049946995025687,6.370790181847835,0.0499656951697445,0.084,0.208,1.148,0.0,0,0,0,0,0,0
2026-09-16 17:14:15.486517,8.37339415276696e-05,0.0050873475206201,6.509803380962119,0.0508849534364276,0.093,0.21,0.556,0.0,0,0,0,0,0,0
2026-09-16 17:14:23.337873,8.355244622712306e-05,0.0050763205744332,6.495693228023287,0.050729850854375,0.073,0.18,0.371,0.0,0,0,0,0,0,0
2026-09-16 17:14:31.195311,0.0,0.0050723912807202,6.490665277918833,0.0507498627258495,0.108,0.195,0.394,0.0,0,0,0,0,0,0
2026-09-16 17:14:39.011497,8.392840190855234e-05,0.0050152337725842,6.396981852786,0.0499734085216849,0.065,0.199,0.554,0.0,0,0,0,0,0,0
2026-09-16 17:14:46.866619,0.0001262870264777,0.0051166614598729,6.619884452462992,0.0513657079987768,0.071,0.16,0.447,0.0,0,0,0,0,0,0
2026-09-16 17:14:54.747056,8.324411450786295e-05,0.0050575875424167,6.471722316922272,0.0507412794359992,0.095,0.194,0.358,0.0,0,0,0,0,0,0
2026-09-16 17:15:02.504629,8.456253005933687e-05,1.426932882230048,12.117191807283026,14.091335591175532,0.048,43.433,103.288,0.0,0,1,0,1,1,2
2026-09-16 17:15:10.247352,0.0,8.408429954164705,30.60938638770882,83.85075673618063,0.039,43.452,107.664,0.0,1,1,0,2,1,2
2026-09-16 17:15:17.991073,8.47137958611887e-05,8.407261573602666,30.47630460859837,84.14851364893525,0.05,41.793,103.832,0.0,1,1,0,2,1,2
2026-09-16 17:15:25.746652,8.458427152892131e-05,8.462522269452737,30.816525755201518,83.94554505595373,0.045,43.186,106.598,0.0,1,1,0,2,1,2
2026-09-16 17:15:33.482740,8.479738079504785e-05,8.414890833713372,30.506374798218427,84.68139783904896,0.068,43.591,107.647,0.0,1,1,0,2,1,2
2026-09-16 17:15:41.226673,0.0,8.339733311225704,30.47547028105744,83.47126170507613,0.032,46.415,108.229,0.0,1,1,0,2,1,2
2026-09-16 17:15:48.971443,8.470232169580246e-05,8.406122841607951,30.47217670763625,84.34648608557346,0.057,45.88,107.083,0.0,1,1,0,2,1,2
2026-09-16 17:15:56.716710,8.469688649855454e-05,8.473039341316445,30.72844357721948,84.31256369725656,0.048,44.539,107.659,0.0,1,1,0,2,1,2
2026-09-16 17:16:04.551844,8.372543468943863e-05,4.961610101371591,20.931358672359657,50.24787861435319,0.072,0.218,0.442,0.0,0,0,0,0,0,0
2026-09-16 17:16:12.427107,8.329880538592806e-05,0.0050609103467401,6.475974199210871,0.0507131022440602,0.08,0.194,0.479,0.0,0,0,0,0,0,0
2026-09-16 17:16:20.273153,0.0,0.0050797560962553,6.500089344365302,0.0507242108331975,0.071,0.19,0.297,0.0,0,0,0,0,0,0
2026-09-16 17:23:00.830428,9.3190168621953e-05,0.3265050772077476,1.3606044229255354,84.11441219092286,0.056,44.57,107.583,0.0,1,1,0,2,1,2
2026-09-16 17:23:08.573993,8.471550248496655e-05,8.407430944274376,30.476918576908695,83.85841979680603,0.048,40.83,103.642,0.0,1,1,0,2,1,2
2026-09-16 17:23:16.318285,8.470754976697676e-05,8.406726399262839,30.60318490056935,84.08017014040213,0.048,45.264,107.53,0.0,1,1,0,2,1,2
2026-09-16 17:23:24.063071,8.470214670876638e-05,8.406190177494896,30.601232881063464,84.23321779922215,0.03,45.322,106.845,0.0,1,1,0,2,1,2
2026-09-16 17:23:31.808325,8.469702865780774e-05,8.405682241021404,30.599383829116515,84.00723368854992,0.047,45.331,107.853,0.0,1,1,0,2,1,2
2026-09-16 17:23:39.552254,0.0,8.40712046817578,30.60461943801396,83.96799452864356,0.019,41.64,103.83,0.0,1,1,0,2,1,2
2026-09-16 17:23:47.379808,8.380651222591373e-05,6.37367330841793,24.78424294485864,64.40688085255756,0.066,0.185,0.446,0.0,0,0,0,0,0,0
2026-09-16 17:23:55.286508,8.296760974869414e-05,0.0050407881922926,6.450225757901527,0.0505715675559639,0.069,0.157,0.513,0.0,0,0,0,0,0,0
2026-09-16 17:24:03.246372,8.241346837081639e-05,0.0050071207246756,6.407144644682372,0.0500057180170286,0.076,0.181,0.437,0.0,0,0,0,0,0,0
2026-09-16 17:24:53.687295,6.502656583028823e-05,1.2292805982158574,5.828600717714861,52.38644944736135,0.068,28.592,105.701,0.0,0,1,0,1,1,2
2026-09-16 17:25:01.479230,0.0,5.257666035458459,21.56075480609117,52.406048544979456,0.052,28.732,105.533,0.0,0,1,0,1,1,2
2026-09-16 17:25:09.274985,8.414836022938126e-05,5.25500557675299,21.421914875467483,52.59551036757089,0.059,27.386,107.991,0.0,0,1,0,1,1,2
2026-09-16 17:25:17.069082,8.416626069703778e-05,5.25620761455753,21.554774080948697,52.59237629725633,0.047,27.852,105.606,0.0,0,1,0,1,1,2
2026-09-16 17:25:24.863887,8.415861589866584e-05,5.255730194661701,21.552816266731497,52.48104995979021,0.057,25.201,101.222,0.0,0,1,0,1,1,2
2026-09-16 17:25:32.658788,0.0001559994155153,5.255665466437611,21.55255082777831,52.57512265974598,0.044,29.072,106.27,0.0,0,1,0,1,1,2
2026-09-16 17:25:40.515209,0.0,5.280928809695916,21.51106718950016,52.70210455111998,0.028,18.47,106.055,0.0,0,1,0,1,1,2
2026-09-16 17:25:48.578810,8.13532316393135e-05,1.111505393185997,9.549083591809664,11.234422240233322,0.074,0.131,0.272,0.0,0,0,0,0,0,0
2026-09-16 17:28:49.756119,6.702826124876377e-05,0.5695122008904547,4.6032254513726105,84.16596334205988,0.075,20.477,51.745,0.0,1,1,0,2,1,2
2026-09-16 17:28:57.405283,8.57610060393528e-05,8.391371396926514,97.78846420340838,84.3164491192156,0.089,17.199,37.342,2.0,1,1,0,2,1,2
2026-09-16 17:29:05.155482,8.464298787682741e-05,8.328461243382266,115.3518767711642,84.42236484420633,0.067,32.682,75.478,6.0,1,1,1,3,1,2
2026-09-16 17:29:12.906010,8.463939489025781e-05,8.454672507473038,66.4470859275652,84.50162174975132,0.058,30.867,82.544,2.0,1,1,0,2,1,2
2026-09-16 17:29:20.641543,0.0,8.427921385636903,78.33978602379435,84.10563757560938,0.085,29.816,65.656,4.0,1,1,1,3,1,2
2026-09-16 17:29:28.374638,8.483020058592324e-05,8.434582014057762,103.06352113869028,84.45374792459019,0.057,32.896,68.823,4.0,1,1,1,3,1,2
2026-09-16 17:29:36.089609,8.50294835845786e-05,8.468111156866307,90.73268065427597,84.35224356677324,0.091,11.937,32.454,4.0,1,1,1,3,1,2
2026-09-16 17:29:43.930860,8.366012004972165e-05,1.894913962070593,38.514262583865765,19.23753807947717,0.067,0.19,0.367,0.0,0,0,0,0,0,0
2026-09-16 17:29:51.853743,8.279814304969542e-05,0.0050304920569949,6.437050755387906,0.050763990190846,0.099,0.191,0.42,6.0,0,0,1,1,1,2
2026-09-16 17:29:59.755355,0.0,0.0047463732716817,6.074709818705347,0.0473134495782961,0.072,0.189,0.329,2.0,0,0,0,0,0,0
2026-09-16 17:30:07.612795,0.0001262497709177,0.0049318862123032,6.363395711580361,0.0489837765683313,0.099,0.198,0.668,0.0,0,0,0,0,0,0
2026-09-16 17:30:15.505762,8.311196537373082e-05,0.0050495586767308,6.461448527530902,0.0508791549920353,0.087,0.188,0.409,6.0,0,0,1,1,1,2
2026-09-16 17:30:23.363390,8.348575422506639e-05,0.0047729416561842,6.108713723785346,0.0474006674638536,0.067,0.224,0.473,0.0,0,0,0,0,0,0
2026-09-16 17:30:31.286808,0.0,0.0050301523913038,6.436616116933374,0.0506617419931256,0.088,0.211,0.524,8.0,0,0,1,1,1,2
2026-09-16 17:30:39.188596,0.0001255412066231,0.0046065523397995,5.9480208783126045,0.0459760281374281,0.067,0.178,0.432,2.0,0,0,0,0,0,0
2026-09-16 17:30:47.032568,8.36310991421183e-05,0.0049811498562208,6.374321580954139,0.0498259816189749,0.074,0.092,0.141,2.0,0,0,0,0,0,0
2026-09-16 17:30:54.822187,8.421464515786973e-05,0.0050159064262321,6.418799173618119,0.0498070373288717,0.08,0.096,0.154,0.0,0,0,0,0,0,0
2026-09-16 17:31:02.656737,8.373167571845224e-05,0.0050872098588942,6.509627228111379,0.051170296497706,0.082,0.094,0.122,6.0,0,0,1,1,1,2
2026-09-16 17:31:10.524369,4.2706623797350967e-05,0.0048095792990826,6.22804930378035,0.048140423645532,0.069,0.171,0.597,4.0,0,0,1,1,0,1
2026-09-16 17:31:18.388730,8.341427866803164e-05,0.0047851313031026,6.103483804977925,0.0478360390947365,0.117,0.212,0.376,2.0,0,0,0,0,0,0
2026-09-16 17:31:26.198335,8.399912671639602e-05,0.005003069937596,6.402372463139941,0.0497210140863393,0.079,0.194,0.481,0.0,0,0,0,0,0,0
2026-09-16 17:31:34.064043,8.339999399926872e-05,0.0050670581720043,6.483840996894368,0.0510093878873949,0.071,0.166,0.278,4.0,0,0,1,1,0,1
2026-09-16 17:31:41.974534,8.292784860004265e-05,0.0048401546756073,6.194305764332454,0.0484734220009189,0.107,0.187,0.309,6.0,0,0,1,1,1,2
2026-09-16 17:31:49.956765,4.2093494913890616e-05,0.0047405293081595,6.138634674942382,0.0477971039939942,0.085,0.142,0.405,4.0,0,0,1,1,0,1
2026-09-16 17:31:57.944036,8.213068017849902e-05,0.0047114965799958,6.009561964280416,0.0466971517935366,0.125,0.212,0.452,4.0,0,0,1,1,0,1
2026-09-16 17:32:05.849394,8.298169418766361e-05,0.0048432974192946,6.198327767066337,0.0481896092945445,0.082,0.177,0.27,0.0,0,0,0,0,0,0
2026-09-16 17:32:13.754178,8.298771984155419e-05,0.0050420100030563,6.451789194998876,0.0506781939740585,0.087,0.22,0.906,8.0,0,0,1,1,1,2
2026-09-16 17:32:21.704985,0.0,0.0046183991134484,5.911349627779922,0.0462273122699174,0.07,0.199,0.793,6.0,0,0,1,1,1,2
2026-09-16 17:32:30.641401,0.0001110064706029,0.0042343597254201,5.483182519703649,0.0421037999634969,0.08,0.196,0.613,0.0,0,0,0,0,0,0
2026-09-16 17:32:38.542513,8.302628794529174e-05,0.0049613269625845,6.328223166561871,0.0499470511194064,0.082,0.17,0.325,2.0,0,0,0,0,0,0
2026-09-16 17:32:46.446708,8.299390387003357e-05,0.0049431978841615,6.325754868142803,0.0493589091176875,0.091,0.188,0.392,2.0,0,0,0,0,0,0
2026-09-16 17:32:54.338833,8.31208324754106e-05,0.0049507578757305,6.335429304528248,0.0492179394476419,0.099,0.184,0.487,0.0,0,0,0,0,0,0
2026-09-16 17:35:50.703959,6.704273269988762e-05,0.0007153341641929,0.9355591082105428,0.0491882887439137,0.074,0.166,0.497,0.0,0,0,0,0,0,0
2026-09-16 17:35:58.608685,8.298832875421614e-05,0.0049590586694592,6.325329935534767,0.0499853302499614,0.081,0.18,0.384,4.0,0,0,1,1,0,1
2026-09-16 17:36:06.542515,8.268389920126849e-05,0.0048259163606984,6.176083934241091,0.0482331864301882,0.077,0.19,0.371,2.0,0,0,0,0,0,0
2026-09-16 17:36:14.381745,8.368168812498167e-05,0.0049841629853952,6.378177448550432,0.0495222751596541,0.111,0.207,0.446,0.0,0,0,0,0,0,0
2026-09-16 17:36:22.288064,8.297160789995951e-05,0.0050410311043609,6.450536589783438,0.0507619276794532,0.075,0.152,0.329,6.0,0,0,1,1,1,2
2026-09-16 17:36:30.148034,4.274825476433117e-05,0.0047308068605859,6.106893537761595,0.0471170179819635,0.066,0.119,0.311,6.0,0,0,1,1,1,2
2026-09-16 17:36:38.026141,8.326873448151948e-05,0.0046772657441692,5.965900183889353,0.046940334679812,0.098,0.191,0.483,4.0,0,0,1,1,0,1
2026-09-16 17:36:45.930583,8.29913104555641e-05,0.0048438586809796,6.199046055369879,0.0484065510221465,0.071,0.165,0.423,6.0,0,0,1,1,1,2
2026-09-16 17:36:53.820842,8.314049006502828e-05,0.0047532026515225,6.083450492563045,0.047591714905427,0.069,0.169,0.588,4.0,0,0,1,1,0,1
2026-09-16 17:37:01.621683,0.0,0.0049081887452904,6.281374021083112,0.048640365281192,0.065,0.175,0.383,0.0,0,0,0,0,0,0
2026-09-16 17:37:09.206849,0.0001307815807854,0.5078227688095421,17.00687895294579,4.9391713908357,0.085,21.031,43.86,0.0,0,1,0,1,1,2
2026-09-16 17:37:16.826187,8.609671863881088e-05,8.381200571493219,74.2846688255594,84.24066296944227,0.049,36.638,81.42,0.0,1,1,0,2,1,2
2026-09-16 17:37:24.492323,8.557114040241395e-05,8.390853488641474,83.09270798222208,84.28695436767504,0.059,15.289,33.627,4.0,1,1,1,3,1,2
2026-09-16 17:37:32.410912,8.284304186010916e-05,4.907563203494966,93.57727746698308,50.41330564472284,0.075,0.172,0.401,4.0,0,0,1,1,0,1
2026-09-16 17:37:40.296617,0.0,0.0048553680362123,6.213775432887738,0.0485557694308706,0.086,0.154,0.322,4.0,0,0,1,1,0,1
2026-09-16 17:37:48.209798,8.28996581779186e-05,0.0047556096593771,6.065828647164775,0.0475892076152115,0.11,0.196,0.528,4.0,0,0,1,1,0,1
2026-09-16 17:37:56.086715,0.0001259375971588,0.0049034412829283,6.347661147121393,0.0486860182306001,0.097,0.194,0.436,0.0,0,0,0,0,0,0
2026-09-16 17:38:03.994880,8.295223986854092e-05,0.0050398543783545,6.449030843438395,0.0507406664549641,0.108,0.192,0.496,4.0,0,0,1,1,0,1
2026-09-16 17:38:11.908868,8.28912047882812e-05,0.0048380159282526,6.191568650344175,0.0483392298828566,0.116,0.212,0.697,2.0,0,0,0,0,0,0
2026-09-16 17:38:19.818257,4.248115752051138e-05,0.0049824329034771,6.448032837934764,0.0497872777857934,0.074,0.237,0.597,2.0,0,0,0,0,0,0
2026-09-16 17:38:27.737859,8.283244536783541e-05,0.0048507488128822,6.187179608268193,0.0485508972406162,0.077,0.191,0.351,2.0,0,0,0,0,0,0
2026-09-16 17:38:35.660234,8.280345224758991e-05,0.0049318543997223,6.311238738383376,0.0493220843144789,0.086,0.182,0.405,8.0,0,0,1,1,1,2
2026-09-16 17:38:43.522716,0.0001261688103069,0.0047130155592089,6.104942434208435,0.0468134659516984,0.071,0.172,0.737,0.0,0,0,0,0,0,0
2026-09-16 17:38:51.417887,0.0,0.0050481490521231,6.4596447626023545,0.0506874567521403,0.096,0.206,0.705,0.0,0,0,0,0,0,0
2026-09-16 17:38:59.294978,8.327947461823153e-05,0.0049764564101138,6.347520931267647,0.0498348152328692,0.075,0.186,0.344,2.0,0,0,0,0,0,0
2026-09-16 17:39:07.233745,0.0001249564321512,0.0049639950385242,6.42417141100123,0.0499936201865311,0.075,0.182,0.358,4.0,0,0,1,1,0,1
2026-09-16 17:39:15.116106,8.32237955100001e-05,0.0048574278696446,6.216411554862813,0.0482676459060636,0.108,0.184,0.436,2.0,0,0,0,0,0,0
2026-09-16 17:39:23.037194,8.281690596039331e-05,0.004849838810022,6.186018890334257,0.0485004903718802,0.077,0.226,0.546,8.0,0,0,1,1,1,2
2026-09-16 17:39:30.927718,4.2582723276679725e-05,0.0046962660527995,6.083246182382817,0.0468833601595838,0.057,0.189,0.325,6.0,0,0,1,1,1,2
2026-09-16 17:39:38.860365,8.269622989652759e-05,0.0046451077427244,5.924882324903654,0.0466010535707469,0.097,0.197,0.394,4.0,0,0,1,1,0,1
2026-09-16 17:39:46.778458,8.284823125972378e-05,0.0048355077415736,6.188358737387904,0.048313354099346,0.088,0.206,0.491,4.0,0,0,1,1,0,1
2026-09-16 17:39:54.691443,0.0001253635638131,0.0048810910168539,6.318728014775713,0.0487862280216113,0.084,0.188,0.421,2.0,0,0,0,0,0,0
2026-09-16 17:40:02.554081,8.34325578768856e-05,0.0049693245447647,6.3591888625675,0.0493654467357233,0.076,0.194,0.422,0.0,0,0,0,0,0,0
2026-09-16 17:40:10.425312,0.0,0.0050635027735814,6.479291485664695,0.0506473813558467,0.105,0.179,0.452,0.0,0,0,0,0,0,0
2026-09-16 17:40:18.280281,0.0001262894863111,0.0050332471076588,6.492705445432057,0.05032981588064,0.066,0.209,0.445,0.0,0,0,0,0,0,0
2026-09-16 17:40:26.181007,8.303034430000484e-05,0.0050445996988124,6.455102986738181,0.0507623407849042,0.096,0.204,0.415,8.0,0,0,1,1,1,2
2026-09-16 17:40:34.099261,8.28465467260838e-05,0.0046373859691795,5.935651975801736,0.046316414459,0.068,0.208,0.732,4.0,0,0,1,1,0,1
2026-09-16 17:40:41.981509,0.0001258524217964,0.0049001249389768,6.343368034093827,0.0490339549373514,0.095,0.189,0.34,6.0,0,0,1,1,1,2
2026-09-16 17:40:49.860833,0.0,0.004759799190895,6.091893162408349,0.0475688692793655,0.068,0.136,0.309,6.0,0,0,1,1,1,2
2026-09-16 17:40:57.691796,8.377002930546346e-05,0.0047054238412312,6.001816124019485,0.0467518923467864,0.076,0.162,0.441,0.0,0,0,0,0,0,0
