timestamp,rx_bytes,rx_packets,tx_bytes,tx_packets,rx_rate,tx_rate,utilization,min_latency,avg_latency,max_latency,packet_loss
2026-09-16T16:53:32.450125,5158,53,10336,108,0.00012700725569183042,0.005145842359643193,0.05145842359643193,0.067,0.171,0.408,0.0
2026-09-16T16:53:40.274582,5158,53,15318,159,0.0,0.005092559199367988,0.05092559199367989,0.069,0.194,0.563,0.0
2026-09-16T16:53:48.124427,5240,54,20708,214,8.368979171717068e-05,0.005501072894579877,0.055010728945798774,0.083,0.196,0.365,0.0
2026-09-16T16:53:55.984128,5322,55,25690,265,8.340393659082553e-05,0.005067297708481618,0.05067297708481618,0.076,0.202,0.489,0.0
2026-09-16T16:54:03.834245,5404,56,30672,316,8.355924616076375e-05,0.005076733711864939,0.05076733711864939,0.064,0.195,0.363,0.0
2026-09-16T16:54:11.671285,5528,58,35696,368,0.0001265849572484609,0.005128732461421513,0.05128732461421513,0.066,0.224,0.481,0.0
2026-09-16T16:54:19.498305,5528,58,40678,419,0.0,0.005088177527919916,0.05088177527919917,0.094,0.233,0.591,0.0
2026-09-16T16:54:27.337143,5680,60,45578,469,0.00015537418902833162,0.005008773198939637,0.05008773198939637,0.081,0.206,0.739,0.0
2026-09-16T16:54:35.172139,5762,61,50630,521,8.365454564138973e-05,0.0051539361534183046,0.05153936153418305,0.061,0.2,0.49,0.0
2026-09-16T16:54:43.088758,5886,63,55654,573,0.00012519870037070493,0.005072566698890496,0.05072566698890496,0.081,0.2,0.813,0.0
2026-09-16T16:54:50.935480,5886,63,60636,624,0.0,0.005085453562142397,0.050854535621423974,0.078,0.197,0.745,0.0
2026-09-16T16:54:58.782403,5968,64,65536,674,8.36662698332214e-05,0.004999569782716888,0.04999569782716889,0.075,0.161,0.322,0.0
2026-09-16T16:55:06.631360,6050,65,70518,725,8.362033813456911e-05,0.00508044542178565,0.050804454217856496,0.08,0.185,0.589,0.0
2026-09-16T16:55:14.457009,6132,66,75500,776,8.362500426640597e-05,0.005080728917746763,0.05080728917746763,0.088,0.171,0.405,0.0
2026-09-16T16:55:22.303868,6256,68,80524,828,0.00012658798819134673,0.005128855263494564,0.05128855263494563,0.101,0.169,0.278,0.0
2026-09-16T16:55:30.188950,6256,68,85506,879,0.0,0.005051893615638852,0.05051893615638853,0.074,0.146,0.301,0.0
2026-09-16T16:55:38.061057,6338,69,90406,929,8.342132403513535e-05,0.004984932777709308,0.049849327777093076,0.065,0.151,0.297,0.0
2026-09-16T16:55:45.871706,6420,70,95388,980,8.37490507224049e-05,0.005088265496329528,0.050882654963295276,0.063,0.13,0.263,0.0
2026-09-16T16:55:53.706216,6502,71,100370,1031,8.375721900784168e-05,0.00508876176947643,0.050887617694764305,0.075,0.134,0.369,0.0
2026-09-16T16:56:01.535010,6502,71,105352,1082,0.0,0.005096911437569991,0.05096911437569991,0.061,0.143,0.362,0.0
2026-09-16T16:56:09.367084,6626,73,110376,1134,0.00012665846867239476,0.005131710859758962,0.05131710859758962,0.067,0.141,0.329,0.0
2026-09-16T16:56:17.226427,6708,74,115276,1184,8.356513891222405e-05,0.00499352659353534,0.0499352659353534,0.071,0.137,0.365,0.0
2026-09-16T17:02:51.613962,10128,116,16330320,1708,8.575388591193745e-05,9.470851583468127,94.70851583468128,0.028,47.568,107.241,0.0
2026-09-16T17:02:59.275720,10128,116,25386584,1966,0.0,9.417775158812152,94.17775158812151,0.038,47.504,105.653,0.0
2026-09-16T17:03:07.000080,10210,117,34442766,2223,8.567705700457008e-05,9.462280749484895,94.62280749484894,0.048,22.179,104.662,0.0
2026-09-16T17:03:14.852028,10292,118,35825546,2307,8.447561678612228e-05,1.4245267485306605,14.245267485306606,0.065,0.264,2.085,0.0
2026-09-16T17:03:22.686753,10374,119,35830528,2358,8.377456532631975e-05,0.005089815664094207,0.05089815664094207,0.065,0.204,0.742,0.0
2026-09-16T17:03:30.626276,10416,120,35835552,2410,4.243646622202641e-05,0.005076209673796683,0.05076209673796683,0.065,0.148,0.442,0.0
2026-09-16T17:03:38.562051,10498,121,35840452,2460,8.297521452310827e-05,0.004958275014185738,0.04958275014185739,0.095,0.198,0.473,0.0
2026-09-16T17:03:46.412957,10580,122,35845434,2511,8.30644685752055e-05,0.005046672956605778,0.05046672956605778,0.076,0.202,0.481,0.0
2026-09-16T17:03:54.263150,10704,124,35850458,2563,0.00012643762144637542,0.005122762985053147,0.051227629850531475,0.093,0.226,0.467,0.0
2026-09-16T17:04:02.201795,10786,125,35855440,2614,8.254272731156308e-05,0.005014973993490332,0.05014973993490333,0.069,0.198,0.444,0.0
2026-09-16T17:04:10.039900,10786,125,35860422,2665,0.0,0.005080328234168452,0.05080328234168452,0.067,0.212,0.755,0.0
2026-09-16T17:08:43.090616,13042,153,110991352,4414,7.183965041105542e-05,9.557102035291582,95.57102035291581,1955.646,2253.181,2592.395,0.0
2026-09-16T17:12:57.115348,15244,180,232230346,6905,8.533171899226164e-05,8.40071001495147,84.00710014951468,0.046,44.658,107.457,0.0
2026-09-16T17:13:04.934510,15326,181,240302412,7140,8.552656823432334e-05,8.419220774889775,84.19220774889776,0.083,3.085,91.504,0.0
2026-09-16T17:13:12.767579,15408,182,240439364,7196,8.374000475268507e-05,0.13985806257182593,1.3985806257182594,0.078,0.195,0.59,0.0
2026-09-16T17:13:20.590552,15408,182,240444346,7247,0.0,0.005100302885807622,0.05100302885807622,0.062,0.177,0.468,0.0
2026-09-16T17:13:28.417171,15490,183,240449246,7297,8.386555339443139e-05,0.005011478190642852,0.05011478190642852,0.071,0.147,0.393,0.0
2026-09-16T17:13:36.251405,15572,184,240454228,7348,8.365044587511629e-05,0.005082274650607676,0.05082274650607675,0.069,0.192,1.603,0.0
2026-09-16T17:13:44.091908,15654,185,240459210,7399,8.380578485990831e-05,0.005091712441122722,0.05091712441122721,0.066,0.199,0.611,0.0
2026-09-16T17:13:51.945362,15736,186,240464192,7450,8.350390452331323e-05,0.005073371369940811,0.05073371369940811,0.093,0.185,0.341,0.0
2026-09-16T17:13:59.803859,15778,187,240469216,7502,4.275371533681828e-05,0.0051141587107660725,0.05114158710766072,0.083,0.191,0.776,0.0
2026-09-16T17:14:07.652179,15860,188,240474116,7552,8.361606130447043e-05,0.004996569516974453,0.04996569516974453,0.084,0.208,1.148,0.0
2026-09-16T17:14:15.486517,15942,189,240479098,7603,8.375283383755655e-05,0.005088495343642765,0.05088495343642765,0.093,0.21,0.556,0.0
2026-09-16T17:14:23.337873,16024,190,240484080,7654,8.349754656882277e-05,0.005072985085437501,0.05072985085437501,0.073,0.18,0.371,0.0
2026-09-16T17:14:31.195311,16024,190,240489062,7705,0.0,0.005074986272584951,0.05074986272584951,0.108,0.195,0.394,0.0
2026-09-16T17:14:39.011497,16106,191,240493962,7755,8.362896936281963e-05,0.004997340852168491,0.0499734085216849,0.065,0.199,0.554,0.0
2026-09-16T17:14:46.866619,16230,193,240498986,7807,0.00012677841942373256,0.005136570799877681,0.05136570799877681,0.071,0.16,0.447,0.0
2026-09-16T17:14:54.747056,16312,194,240503968,7858,8.35163571608177e-05,0.005074127943599924,0.050741279435999244,0.095,0.194,0.358,0.0
2026-09-16T17:15:02.504629,16394,195,241887660,7952,8.350771114354883e-05,1.4091335591175533,14.091335591175532,0.048,43.433,103.288,0.0
2026-09-16T17:15:10.247352,16394,195,250025678,8189,0.0,8.385075673618063,83.85075673618063,0.039,43.452,107.664,0.0
2026-09-16T17:15:17.991073,16476,196,258163614,8425,8.479027260982013e-05,8.414851364893526,84.14851364893525,0.05,41.793,103.832,0.0
2026-09-16T17:15:25.746652,16558,197,266367584,8664,8.390492279455197e-05,8.394554505595373,83.94554505595373,0.045,43.186,106.598,0.0
2026-09-16T17:15:33.482740,16640,198,274504876,8900,8.533397379376353e-05,8.468139783904896,84.68139783904896,0.068,43.591,107.647,0.0
2026-09-16T17:15:41.226673,16640,198,282577668,9136,0.0,8.347126170507613,83.47126170507613,0.032,46.415,108.229,0.0
2026-09-16T17:15:48.971443,16722,199,290715604,9372,8.498975488400281e-05,8.434648608557346,84.34648608557346,0.057,45.88,107.083,0.0
2026-09-16T17:15:56.716710,16804,200,298918848,9610,8.427922201479119e-05,8.431256369725656,84.31256369725656,0.048,44.539,107.659,0.0
2026-09-16T17:16:04.551844,16886,201,303778208,9774,8.4791537288387e-05,5.024787861435319,50.24787861435319,0.072,0.218,0.442,0.0
2026-09-16T17:16:12.427107,16968,202,303783190,9825,8.346997960684343e-05,0.005071310224406025,0.050713102244060254,0.08,0.194,0.479,0.0
2026-09-16T17:16:20.273153,16968,202,303788172,9876,0.0,0.0050724210833197544,0.050724210833197544,0.071,0.19,0.297,0.0
2026-09-16T17:23:00.830428,21634,255,320136170,10421,0.0,8.411441219092286,84.11441219092286,0.056,44.57,107.583,0.0
2026-09-16T17:23:08.573993,21716,256,328274106,10657,8.449796635581915e-05,8.385841979680603,83.85841979680603,0.048,40.83,103.642,0.0
2026-09-16T17:23:16.318285,21798,257,336412124,10894,8.47205542124996e-05,8.408017014040214,84.08017014040213,0.048,45.264,107.53,0.0
2026-09-16T17:23:24.063071,21880,258,344550142,11131,8.48747675359801e-05,8.423321779922215,84.23321779922215,0.03,45.322,106.845,0.0
2026-09-16T17:23:31.808325,21962,259,352688160,11368,8.464706225104311e-05,8.400723368854992,84.00723368854992,0.047,45.331,107.853,0.0
2026-09-16T17:23:39.552254,21962,259,360826178,11605,0.0,8.396799452864355,83.96799452864356,0.019,41.64,103.83,0.0
2026-09-16T17:23:47.379808,22044,260,367062462,11799,8.468767987329828e-05,6.440688085255757,64.40688085255756,0.066,0.185,0.446,0.0
2026-09-16T17:23:55.286508,22126,261,367067444,11850,8.323702407846329e-05,0.005057156755596392,0.05057156755596392,0.069,0.157,0.513,0.0
2026-09-16T17:24:03.246372,22208,262,367072426,11901,8.230567798868633e-05,0.0050005718017028696,0.050005718017028696,0.076,0.181,0.437,0.0
2026-09-16T17:24:53.687295,22618,267,374823182,12195,8.496727563006397e-05,5.238644944736135,52.38644944736135,0.068,28.592,105.701,0.0
2026-09-16T17:25:01.479230,22618,267,379944106,12363,0.0,5.2406048544979456,52.406048544979456,0.052,28.732,105.533,0.0
2026-09-16T17:25:09.274985,22700,268,385064948,12530,8.422114664230634e-05,5.259551036757088,52.59551036757089,0.059,27.386,107.991,0.0
2026-09-16T17:25:17.069082,22782,269,390185872,12698,8.421477952758172e-05,5.259237629725632,52.59237629725633,0.047,27.852,105.606,0.0
2026-09-16T17:25:24.863887,22864,270,395306796,12866,8.40365156112998e-05,5.248104995979022,52.48104995979021,0.057,25.201,101.222,0.0
2026-09-16T17:25:32.658788,23016,272,400427720,13034,0.0001560542324838523,5.257512265974598,52.57512265974598,0.044,29.072,106.27,0.0
2026-09-16T17:25:40.515209,23016,272,405613870,13203,0.0,5.2702104551119975,52.70210455111998,0.028,18.47,106.055,0.0
2026-09-16T17:25:48.578810,23098,273,406734212,13280,8.222691139840623e-05,1.1234422240233322,11.234422240233322,0.074,0.131,0.272,0.0
2026-09-16T17:28:49.756119,24616,292,419632048,14114,0.0,8.416596334205988,84.16596334205988,0.075,20.477,51.745,0.0
2026-09-16T17:28:57.405283,24698,293,427655420,14862,8.617260707562457e-05,8.43164491192156,84.3164491192156,0.089,17.199,37.342,2.0
2026-09-16T17:29:05.155482,24780,294,435723824,15756,8.579929707566601e-05,8.442236484420633,84.42236484420633,0.067,32.682,75.478,6.0
2026-09-16T17:29:12.906010,24862,295,443914846,16271,8.459424212851104e-05,8.450162174975132,84.50162174975132,0.058,30.867,82.544,2.0
2026-09-16T17:29:20.641543,24862,295,452064154,16877,0.0,8.410563757560938,84.10563757560938,0.085,29.816,65.656,4.0
2026-09-16T17:29:28.374638,24944,296,460217332,17674,8.493874817667901e-05,8.445374792459019,84.45374792459019,0.057,32.896,68.823,4.0
2026-09-16T17:29:36.089609,25026,297,468383736,18374,8.469926264332997e-05,8.435224356677324,84.35224356677324,0.091,11.937,32.454,4.0
2026-09-16T17:29:43.930860,25108,298,470241048,18676,8.493339420178881e-05,1.9237538079477168,19.23753807947717,0.067,0.19,0.367,0.0
2026-09-16T17:29:51.853743,25190,299,470246030,18727,8.35537373675106e-05,0.005076399019084608,0.05076399019084607,0.099,0.191,0.42,6.0
2026-09-16T17:29:59.755355,25190,299,470250718,18775,0.0,0.00473134495782962,0.047313449578296196,0.072,0.189,0.329,2.0
2026-09-16T17:30:07.612795,25314,301,470255562,18825,0.00012539199616996464,0.0048983776568331345,0.04898377656833134,0.099,0.198,0.668,0.0
2026-09-16T17:30:15.505762,25396,302,470260544,18876,8.37432900310498e-05,0.005087915499203538,0.05087915499203538,0.087,0.188,0.409,6.0
2026-09-16T17:30:23.363390,25478,303,470265232,18924,8.291072380622866e-05,0.004740066746385365,0.04740066746385365,0.067,0.224,0.473,0.0
2026-09-16T17:30:31.286808,25478,303,470270214,18975,0.0,0.005066174199312561,0.05066174199312561,0.088,0.211,0.524,8.0
2026-09-16T17:30:39.188596,25602,305,470274764,19022,0.00012529730745145266,0.004597602813742819,0.04597602813742819,0.067,0.178,0.432,2.0
2026-09-16T17:30:47.032568,25684,306,470279648,19072,8.365541549459356e-05,0.004982598161897499,0.049825981618974995,0.074,0.092,0.141,2.0
2026-09-16T17:30:54.822187,25766,307,470284532,19122,8.362360894691814e-05,0.004980703732887173,0.04980703732887173,0.08,0.096,0.154,0.0
2026-09-16T17:31:02.656737,25848,308,470289514,19173,8.422248721019457e-05,0.005117029649770602,0.05117029649770602,0.082,0.094,0.122,6.0
2026-09-16T17:31:10.524369,25890,309,470294244,19222,4.274625355417224e-05,0.004814042364553207,0.048140423645532074,0.069,0.171,0.597,4.0
2026-09-16T17:31:18.388730,25972,310,470298948,19270,8.338765318385202e-05,0.004783603909473657,0.04783603909473657,0.117,0.212,0.376,2.0
2026-09-16T17:31:26.198335,26054,311,470303832,19320,8.347918007943962e-05,0.00497210140863394,0.049721014086339395,0.079,0.194,0.481,0.0
2026-09-16T17:31:34.064043,26136,312,470308814,19371,8.39576436524767e-05,0.005100938788739499,0.051009387887394994,0.071,0.166,0.278,4.0
2026-09-16T17:31:41.974534,26218,313,470313600,19420,8.305099465264014e-05,0.004847342200091899,0.04847342200091899,0.107,0.187,0.309,6.0
2026-09-16T17:31:49.956765,26260,314,470318330,19469,4.2441403123631247e-05,0.0047797103993994245,0.04779710399399425,0.085,0.142,0.405,4.0
2026-09-16T17:31:57.944036,26342,315,470323034,19517,8.140234793941336e-05,0.004669715179353664,0.04669715179353664,0.125,0.212,0.452,4.0
2026-09-16T17:32:05.849394,26424,316,470327820,19566,8.256472967306003e-05,0.004818960929454455,0.04818960929454455,0.082,0.177,0.27,0.0
2026-09-16T17:32:13.754178,26506,317,470332802,19617,8.341252320097956e-05,0.005067819397405856,0.05067819397405856,0.087,0.22,0.906,8.0
2026-09-16T17:32:21.704985,26506,317,470337392,19664,0.0,0.004622731226991747,0.04622731226991748,0.07,0.199,0.793,6.0
2026-09-16T17:32:30.641401,26630,319,470342122,19713,0.0001103778265427828,0.004210379996349698,0.04210379996349698,0.08,0.196,0.613,0.0
2026-09-16T17:32:38.542513,26712,320,470347022,19763,8.358486105696597e-05,0.004994705111940649,0.049947051119406484,0.082,0.17,0.325,2.0
2026-09-16T17:32:46.446708,26794,321,470351906,19813,8.287122333436492e-05,0.004935890911768759,0.04935890911768758,0.091,0.188,0.392,2.0
2026-09-16T17:32:54.338833,26876,322,470356790,19863,8.26345420701605e-05,0.004921793944764194,0.04921793944764193,0.099,0.184,0.487,0.0
2026-09-16T17:35:50.703959,28354,341,470372560,20028,4.279014348062086e-05,0.00491882887439137,0.049188288743913705,0.074,0.166,0.497,0.0
2026-09-16T17:35:58.608685,28436,342,470377460,20078,8.364892001013955e-05,0.0049985330249961435,0.04998533024996143,0.081,0.18,0.384,4.0
2026-09-16T17:36:06.542515,28518,343,470382246,20127,8.263939171072784e-05,0.004823318643018821,0.048233186430188216,0.077,0.19,0.371,2.0
2026-09-16T17:36:14.381745,28600,344,470387130,20177,8.314550702480843e-05,0.004952227515965419,0.04952227515965418,0.111,0.207,0.446,0.0
2026-09-16T17:36:22.288064,28682,345,470392112,20228,8.35503426277632e-05,0.00507619276794532,0.0507619276794532,0.075,0.152,0.329,6.0
2026-09-16T17:36:30.148034,28724,346,470396760,20276,4.257561865840076e-05,0.004711701798196351,0.04711701798196351,0.066,0.119,0.311,6.0
2026-09-16T17:36:38.026141,28806,347,470401366,20323,8.356724801877083e-05,0.0046940334679812,0.046940334679812006,0.098,0.191,0.483,4.0
2026-09-16T17:36:45.930583,28888,348,470406152,20372,8.293642256197285e-05,0.00484065510221466,0.048406551022146596,0.071,0.165,0.423,6.0
2026-09-16T17:36:53.820842,28970,349,470410840,20420,8.324489381921969e-05,0.004759171490542707,0.04759171490542707,0.069,0.169,0.588,4.0
2026-09-16T17:37:01.621683,28970,349,470415626,20469,0.0,0.004864036528119206,0.048640365281192054,0.065,0.175,0.383,0.0
2026-09-16T17:37:09.206849,29094,351,470897116,20598,0.00012720040965827467,0.49391713908357,4.9391713908357,0.085,21.031,43.86,0.0
2026-09-16T17:37:16.826187,29176,352,478879516,21164,8.653706107805005e-05,8.424066296944227,84.24066296944227,0.049,36.638,81.42,0.0
2026-09-16T17:37:24.492323,29258,353,486920194,21801,8.59570580758159e-05,8.428695436767503,84.28695436767504,0.059,15.289,33.627,4.0
2026-09-16T17:37:32.410912,29340,354,491777816,22542,8.510112690668957e-05,5.0413305644722834,50.41330564472284,0.075,0.172,0.401,4.0
2026-09-16T17:37:40.296617,29340,354,491782602,22591,0.0,0.00485557694308706,0.0485557694308706,0.086,0.154,0.322,4.0
2026-09-16T17:37:48.209798,29422,355,491787306,22639,8.295737722039435e-05,0.004758920761521159,0.04758920761521159,0.11,0.196,0.528,4.0
2026-09-16T17:37:56.086715,29546,357,491792134,22689,0.00012504279744396057,0.004868601823060013,0.04868601823060013,0.097,0.194,0.436,0.0
2026-09-16T17:38:03.994880,29628,358,491797116,22740,8.351534823980451e-05,0.005074066645496415,0.05074066645496415,0.108,0.192,0.496,4.0
2026-09-16T17:38:11.908868,29710,359,491801902,22789,8.282107919753961e-05,0.004833922988285666,0.04833922988285666,0.116,0.212,0.697,2.0
2026-09-16T17:38:19.818257,29752,360,491806828,22840,4.2449566930639925e-05,0.0049787277785793395,0.0497872777857934,0.074,0.237,0.597,2.0
2026-09-16T17:38:27.737859,29834,361,491811630,22889,8.290657171450508e-05,0.0048550897240616266,0.048550897240616266,0.077,0.191,0.351,2.0
2026-09-16T17:38:35.660234,29916,362,491816514,22939,8.280939626919073e-05,0.004932208431447896,0.04932208431447896,0.086,0.182,0.405,8.0
2026-09-16T17:38:43.522716,30040,364,491821146,22987,0.00012532102284133442,0.004681346595169847,0.04681346595169847,0.071,0.172,0.737,0.0
2026-09-16T17:38:51.417887,30040,364,491826128,23038,0.0,0.005068745675214031,0.05068745675214031,0.096,0.206,0.705,0.0
2026-09-16T17:38:59.294978,30122,365,491831028,23088,8.339703773663826e-05,0.00498348152328692,0.0498348152328692,0.075,0.186,0.344,2.0
2026-09-16T17:39:07.233745,30246,367,491835954,23139,0.00012584670936114205,0.004999362018653111,0.04999362018653111,0.075,0.182,0.358,4.0
2026-09-16T17:39:15.116106,30328,368,491840740,23188,8.269843218339356e-05,0.004826764590606361,0.048267645906063604,0.108,0.184,0.436,2.0
2026-09-16T17:39:23.037194,30410,369,491845542,23237,8.282049584535987e-05,0.004850049037188026,0.048500490371880256,0.077,0.226,0.546,8.0
2026-09-16T17:39:30.927718,30452,370,491850174,23285,4.251081879755007e-05,0.00468833601595838,0.0468833601595838,0.057,0.189,0.325,6.0
2026-09-16T17:39:38.860365,30534,371,491854780,23332,8.296323041253249e-05,0.0046601053570746905,0.046601053570746905,0.097,0.197,0.394,4.0
2026-09-16T17:39:46.778458,30616,372,491859566,23381,8.27767454272122e-05,0.004831335409934605,0.048313354099346055,0.088,0.206,0.491,4.0
2026-09-16T17:39:54.691443,30740,374,491864394,23431,0.00012530017138939121,0.004878622802161135,0.04878622802161135,0.084,0.188,0.421,2.0
2026-09-16T17:40:02.554081,30822,375,491869278,23481,8.288219967914237e-05,0.0049365446735723335,0.04936544673572334,0.076,0.194,0.422,0.0
2026-09-16T17:40:10.425312,30822,375,491874260,23532,0.0,0.00506473813558467,0.050647381355846705,0.105,0.179,0.452,0.0
2026-09-16T17:40:18.280281,30946,377,491879202,23583,0.00012628282414405839,0.0050329815880640035,0.05032981588064003,0.066,0.209,0.445,0.0
2026-09-16T17:40:26.181007,31028,378,491884184,23634,8.355102256848945e-05,0.00507623407849042,0.0507623407849042,0.096,0.204,0.415,8.0
2026-09-16T17:40:34.099261,31110,379,491888774,23681,8.27439212557299e-05,0.004631641445900003,0.04631641445900003,0.068,0.208,0.732,4.0
2026-09-16T17:40:41.981509,31234,381,491893602,23731,0.00012593642113155706,0.004903395493735141,0.049033954937351416,0.095,0.189,0.34,6.0
2026-09-16T17:40:49.860833,31234,381,491898290,23779,0.0,0.004756886927936554,0.04756886927936554,0.068,0.136,0.309,6.0
2026-09-16T17:40:57.691796,31316,382,491902896,23826,8.323176666166937e-05,0.004675189234678647,0.046751892346786464,0.076,0.162,0.441,0.0
2026-10-01T16:38:56.753947,50390,587,38640618,26498,0.005181388250006104,0.005181388250006104,0.05181388250006104,0.061,0.165,0.41,0.0
2026-10-01T16:39:04.622792,55290,637,38645600,26549,0.004982989301088306,0.00506637810163713,0.050663781016371305,0.062,0.168,0.862,0.0
2026-10-01T16:39:12.443807,60272,688,38650500,26599,0.005096142772812293,0.0050122640680008495,0.05096142772812293,0.06,0.115,0.41,0.0
2026-10-01T16:39:20.272347,65254,739,38655482,26650,0.005092905491224566,0.005092905491224566,0.05092905491224566,0.071,0.113,0.257,0.0
2026-10-01T16:39:28.096409,70236,790,38660464,26701,0.00508246625290192,0.00508246625290192,0.050824662529019196,0.07,0.161,0.847,0.0
2026-10-01T16:39:35.926998,75260,842,38665488,26753,0.005132317829753789,0.005132317829753789,0.051323178297537894,0.088,0.153,0.492,0.0
2026-10-01T16:39:43.755885,80202,893,38670512,26805,0.00505277117780854,0.005136609145550405,0.051366091455504054,0.085,0.16,0.605,0.0
2026-10-01T16:39:51.632611,85184,944,38675412,26855,0.005065790391572556,0.004982411264292558,0.05065790391572556,0.067,0.129,0.289,0.0
2026-10-01T16:39:59.484149,90166,995,38680394,26906,0.005073263900270752,0.005073263900270752,0.05073263900270752,0.076,0.156,0.559,0.0
2026-10-01T16:40:07.366568,95148,1046,38685376,26957,0.005046271380785302,0.005046271380785302,0.05046271380785303,0.053,0.135,0.544,0.0
2026-10-01T16:40:15.219125,100130,1097,38690358,27008,0.005091343361899622,0.005091343361899622,0.05091343361899622,0.065,0.179,0.506,0.0
2026-10-01T16:40:23.064630,105072,1148,38695382,27060,0.005031637694905183,0.005115125005909275,0.05115125005909274,0.073,0.144,0.586,0.0
2026-10-01T16:40:30.952370,110096,1200,38700324,27111,0.005118695097784396,0.005035149516968648,0.05118695097784396,0.064,0.132,0.284,0.0
2026-10-01T16:40:38.830555,115078,1251,38705306,27162,0.0050382969962085924,0.0050382969962085924,0.05038296996208592,0.061,0.126,0.239,0.0
2026-10-01T16:40:46.684854,120060,1302,38710288,27213,0.00507290180103175,0.00507290180103175,0.0507290180103175,0.056,0.16,0.547,0.0
2026-10-01T16:40:54.482115,124960,1352,38715340,27265,0.005015719564366203,0.005171309232485319,0.05171309232485319,0.066,0.145,0.427,0.0
2026-10-01T16:41:02.308688,129984,1404,38720282,27316,0.005141765038729743,0.005057842918272768,0.051417650387297426,0.058,0.175,0.587,0.0
2026-10-01T16:41:10.139251,134966,1455,38725264,27367,0.0050924161660277955,0.0050924161660277955,0.05092416166027796,0.054,0.127,0.457,0.0
2026-10-01T16:41:17.967304,139990,1507,38730288,27419,0.0051406278133490435,0.0051406278133490435,0.051406278133490434,0.065,0.105,0.24,0.0
2026-10-01T16:41:26.255409,144972,1558,38735270,27470,0.004874448140652031,0.004874448140652031,0.04874448140652031,0.056,0.11,0.237,0.0
2026-10-01T16:41:34.433088,149872,1608,38740252,27521,0.004764306615824745,0.004844035828579364,0.04844035828579364,0.055,0.124,0.412,0.0
2026-10-01T16:41:42.284881,154854,1659,38745152,27571,0.005047719395320296,0.004964637703145213,0.05047719395320295,0.07,0.151,0.261,0.0
2026-10-01T16:44:31.763475,646,7,696,8,-0.2448786993362046,-61.52529046332751,-2.448786993362046,,,,100.0
2026-10-01T16:44:40.605392,786,9,766,9,0.00012650261540647352,6.325130770323676e-05,0.0012650261540647352,,,,100.0
2026-10-01T16:44:49.463534,786,9,836,10,0.0,6.332136187027325e-05,0.0006332136187027325,,,,100.0
2026-10-01T16:44:58.305235,856,10,836,10,6.333685907337943e-05,0.0,0.0006333685907337943,,,,100.0
2026-10-01T16:45:07.149442,856,10,906,11,0.0,6.34314989652863e-05,0.0006343149896528629,,,,100.0
2026-10-01T16:45:15.982649,856,10,906,11,0.0,0.0,0.0,,,,100.0
2026-10-01T16:45:24.844168,926,11,906,11,6.313109967187453e-05,0.0,0.0006313109967187452,,,,100.0
2026-10-01T16:45:33.695296,926,11,906,11,0.0,0.0,0.0,,,,100.0
2026-10-01T16:45:42.549886,926,11,976,12,0.0,6.324532968611572e-05,0.0006324532968611572,,,,100.0
2026-10-01T16:45:51.399936,926,11,976,12,0.0,0.0,0.0,,,,100.0
2026-10-01T16:46:00.232794,926,11,976,12,0.0,0.0,0.0,,,,100.0
2026-10-01T16:46:09.072201,926,11,976,12,0.0,0.0,0.0,,,,100.0
2026-10-01T16:46:17.938226,926,11,976,12,0.0,0.0,0.0,,,,100.0
2026-10-01T16:46:26.799136,996,12,976,12,6.318987999974496e-05,0.0,0.0006318987999974496,,,,100.0
2026-10-01T16:46:35.684069,996,12,976,12,0.0,0.0,0.0,,,,100.0
2026-10-01T16:46:44.508589,996,12,1046,13,0.0,6.347028656136576e-05,0.0006347028656136576,,,,100.0
2026-10-01T16:46:53.382875,996,12,1046,13,0.0,0.0,0.0,,,,100.0
2026-10-01T16:47:02.231468,996,12,1046,13,0.0,0.0,0.0,,,,100.0
2026-10-01T16:47:11.068019,996,12,1046,13,0.0,0.0,0.0,,,,100.0
2026-10-01T16:47:19.905282,996,12,1046,13,0.0,0.0,0.0,,,,100.0
2026-10-01T16:47:28.731168,996,12,1046,13,0.0,0.0,0.0,,,,100.0
2026-10-01T16:47:37.598021,996,12,1046,13,0.0,0.0,0.0,,,,100.0
2026-10-01T16:47:46.411707,996,12,1046,13,0.0,0.0,0.0,,,,100.0
2026-10-01T16:47:55.261212,996,12,1046,13,0.0,0.0,0.0,,,,100.0
2026-10-01T16:48:04.109770,996,12,1046,13,0.0,0.0,0.0,,,,100.0
2026-10-01T16:48:12.941581,996,12,1046,13,0.0,0.0,0.0,,,,100.0
2026-10-01T16:48:21.816289,996,12,1046,13,0.0,0.0,0.0,,,,100.0
2026-10-01T16:48:30.674384,1066,13,1046,13,6.290436836903193e-05,0.0,0.0006290436836903192,,,,100.0
2026-10-01T16:48:39.535122,1066,13,1046,13,0.0,0.0,0.0,,,,100.0
2026-10-01T16:48:48.365702,1066,13,1046,13,0.0,0.0,0.0,,,,100.0
2026-10-01T16:48:57.195466,1066,13,1046,13,0.0,0.0,0.0,,,,100.0
2026-10-01T16:49:06.099579,1066,13,1116,14,0.0,6.313939148063862e-05,0.0006313939148063862,,,,100.0
2026-10-01T16:49:14.934659,1066,13,1116,14,0.0,0.0,0.0,,,,100.0
2026-10-01T16:49:23.799154,1066,13,1116,14,0.0,0.0,0.0,,,,100.0
2026-10-01T16:49:32.632306,1066,13,1116,14,0.0,0.0,0.0,,,,100.0
2026-10-01T16:49:41.468343,1066,13,1116,14,0.0,0.0,0.0,,,,100.0
2026-10-01T16:49:50.306879,1066,13,1116,14,0.0,0.0,0.0,,,,100.0
2026-10-01T16:49:59.163900,1066,13,1116,14,0.0,0.0,0.0,,,,100.0
2026-10-01T16:50:08.021283,1066,13,1116,14,0.0,0.0,0.0,,,,100.0
2026-10-01T16:50:16.867680,1066,13,1116,14,0.0,0.0,0.0,,,,100.0
2026-10-01T16:50:25.709748,1066,13,1116,14,0.0,0.0,0.0,,,,100.0
2026-10-01T16:50:34.545275,1066,13,1116,14,0.0,0.0,0.0,,,,100.0
2026-10-01T16:50:43.407957,1066,13,1116,14,0.0,0.0,0.0,,,,100.0
2026-10-01T16:50:52.233304,1066,13,1116,14,0.0,0.0,0.0,,,,100.0
2026-10-01T16:51:01.078920,1066,13,1116,14,0.0,0.0,0.0,,,,100.0
2026-10-01T16:51:09.905785,1066,13,1116,14,0.0,0.0,0.0,,,,100.0
2026-10-01T16:51:18.809210,1066,13,1116,14,0.0,0.0,0.0,,,,100.0
2026-10-01T16:51:27.647757,1066,13,1116,14,0.0,0.0,0.0,,,,100.0
2026-10-01T16:51:36.453594,1066,13,1116,14,0.0,0.0,0.0,,,,100.0
2026-10-01T16:51:45.298478,1066,13,1116,14,0.0,0.0,0.0,,,,100.0
2026-10-01T16:51:54.139695,1066,13,1116,14,0.0,0.0,0.0,,,,100.0
2026-10-01T16:52:02.966039,1066,13,1116,14,0.0,0.0,0.0,,,,100.0
2026-10-01T16:52:11.777069,1066,13,1116,14,0.0,0.0,0.0,,,,100.0
2026-10-01T16:52:20.620339,1066,13,1116,14,0.0,0.0,0.0,,,,100.0
2026-10-01T16:52:29.459263,1136,14,1116,14,6.332970715180116e-05,0.0,0.0006332970715180117,,,,100.0
2026-10-01T16:52:38.315942,1136,14,1116,14,0.0,0.0,0.0,,,,100.0
2026-10-01T16:52:47.161023,1136,14,1116,14,0.0,0.0,0.0,,,,100.0
2026-10-01T16:52:56.023915,1136,14,1116,14,0.0,0.0,0.0,,,,100.0
2026-10-01T16:53:04.836879,1136,14,1116,14,0.0,0.0,0.0,,,,100.0
2026-10-01T16:53:13.690412,1136,14,1116,14,0.0,0.0,0.0,,,,100.0
2026-10-01T16:53:22.518335,1136,14,1116,14,0.0,0.0,0.0,,,,100.0
2026-10-01T16:53:31.353433,1136,14,1116,14,0.0,0.0,0.0,,,,100.0
2026-10-01T16:53:40.175687,1136,14,1116,14,0.0,0.0,0.0,,,,100.0
2026-10-01T16:53:49.013324,1136,14,1186,15,0.0,6.338564551311305e-05,0.0006338564551311304,,,,100.0
2026-10-01T16:53:57.863247,1136,14,1186,15,0.0,0.0,0.0,,,,100.0
2026-10-01T16:54:06.699720,1136,14,1186,15,0.0,0.0,0.0,,,,100.0
2026-10-01T16:54:15.532415,1136,14,1186,15,0.0,0.0,0.0,,,,100.0
2026-10-01T16:54:24.395086,1136,14,1186,15,0.0,0.0,0.0,,,,100.0
2026-10-01T16:54:33.251357,1136,14,1186,15,0.0,0.0,0.0,,,,100.0
2026-10-01T16:54:42.145988,1136,14,1186,15,0.0,0.0,0.0,,,,100.0
2026-10-01T16:54:50.990134,1136,14,1186,15,0.0,0.0,0.0,,,,100.0
2026-10-01T16:54:59.853965,1136,14,1186,15,0.0,0.0,0.0,,,,100.0
2026-10-01T16:55:08.720455,1136,14,1186,15,0.0,0.0,0.0,,,,100.0
2026-10-01T16:55:17.536411,1136,14,1186,15,0.0,0.0,0.0,,,,100.0
2026-10-01T16:55:26.351679,1136,14,1186,15,0.0,0.0,0.0,,,,100.0
2026-10-01T16:55:35.180610,1136,14,1186,15,0.0,0.0,0.0,,,,100.0
2026-10-01T16:55:44.051130,1136,14,1186,15,0.0,0.0,0.0,,,,100.0
2026-10-01T16:55:52.880576,1136,14,1186,15,0.0,0.0,0.0,,,,100.0
2026-10-01T16:56:01.733877,1136,14,1186,15,0.0,0.0,0.0,,,,100.0
2026-10-01T16:56:10.565170,1136,14,1186,15,0.0,0.0,0.0,,,,100.0
2026-10-01T16:56:19.410662,1136,14,1186,15,0.0,0.0,0.0,,,,100.0
2026-10-01T16:56:28.239653,1136,14,1186,15,0.0,0.0,0.0,,,,100.0
2026-10-01T16:56:37.059553,1136,14,1186,15,0.0,0.0,0.0,,,,100.0
2026-10-01T16:56:45.910604,1136,14,1186,15,0.0,0.0,0.0,,,,100.0
2026-10-01T16:56:54.752607,1136,14,1186,15,0.0,0.0,0.0,,,,100.0
2026-10-01T16:57:03.590099,1136,14,1186,15,0.0,0.0,0.0,,,,100.0
2026-10-01T16:57:12.447228,1136,14,1186,15,0.0,0.0,0.0,,,,100.0
2026-10-01T16:57:21.250138,1136,14,1186,15,0.0,0.0,0.0,,,,100.0
2026-10-01T16:57:30.097819,1136,14,1186,15,0.0,0.0,0.0,,,,100.0
2026-10-01T16:57:38.945036,1136,14,1186,15,0.0,0.0,0.0,,,,100.0
2026-10-01T16:57:47.798825,1136,14,1186,15,0.0,0.0,0.0,,,,100.0
2026-10-01T16:57:56.630989,1136,14,1186,15,0.0,0.0,0.0,,,,100.0
2026-10-01T16:58:05.483705,1136,14,1186,15,0.0,0.0,0.0,,,,100.0
2026-10-01T16:58:14.323202,1136,14,1186,15,0.0,0.0,0.0,,,,100.0
2026-10-01T16:58:23.137189,1136,14,1186,15,0.0,0.0,0.0,,,,100.0
2026-10-01T16:58:31.981409,1136,14,1186,15,0.0,0.0,0.0,,,,100.0
2026-10-01T16:58:40.840445,1136,14,1186,15,0.0,0.0,0.0,,,,100.0
2026-10-01T16:58:49.644941,1136,14,1186,15,0.0,0.0,0.0,,,,100.0
2026-10-01T16:58:58.485037,1136,14,1186,15,0.0,0.0,0.0,,,,100.0
2026-10-01T16:59:07.416920,1136,14,1186,15,0.0,0.0,0.0,,,,100.0
2026-10-01T16:59:16.261818,1136,14,1186,15,0.0,0.0,0.0,,,,100.0
2026-10-01T16:59:36.349568,1136,14,1186,15,0.0,0.0,0.0,,,,100.0
2026-10-01T16:59:45.189124,1136,14,1186,15,0.0,0.0,0.0,,,,100.0
2026-10-01T16:59:54.029712,1136,14,1186,15,0.0,0.0,0.0,,,,100.0
2026-10-01T17:00:02.885367,1136,14,1186,15,0.0,0.0,0.0,,,,100.0
2026-10-01T17:00:11.716846,1136,14,1186,15,0.0,0.0,0.0,,,,100.0
2026-10-01T17:00:20.536351,1206,15,1186,15,6.355309554149433e-05,0.0,0.0006355309554149434,,,,100.0
2026-10-01T17:00:29.380026,1206,15,1186,15,0.0,0.0,0.0,,,,100.0
2026-10-01T17:00:38.251855,1206,15,1186,15,0.0,0.0,0.0,,,,100.0
2026-10-01T17:00:47.063070,1206,15,1186,15,0.0,0.0,0.0,,,,100.0
2026-10-01T17:00:55.905284,1206,15,1186,15,0.0,0.0,0.0,,,,100.0
2026-10-01T17:01:04.740569,1206,15,1186,15,0.0,0.0,0.0,,,,100.0
2026-10-01T17:01:13.580389,1206,15,1186,15,0.0,0.0,0.0,,,,100.0
2026-10-01T17:01:22.371668,1206,15,1186,15,0.0,0.0,0.0,,,,100.0
2026-10-01T17:01:31.215676,1206,15,1186,15,0.0,0.0,0.0,,,,100.0
2026-10-01T17:01:40.056079,1206,15,1186,15,0.0,0.0,0.0,,,,100.0
2026-10-01T17:01:48.918289,1206,15,1186,15,0.0,0.0,0.0,,,,100.0
2026-10-01T17:01:57.771129,1206,15,1186,15,0.0,0.0,0.0,,,,100.0
2026-10-01T17:02:06.568233,1206,15,1186,15,0.0,0.0,0.0,,,,100.0
2026-10-01T17:02:15.411976,1206,15,1186,15,0.0,0.0,0.0,,,,100.0
2026-10-01T17:02:24.237435,1206,15,1186,15,0.0,0.0,0.0,,,,100.0
2026-10-01T17:02:33.094876,1206,15,1186,15,0.0,0.0,0.0,,,,100.0
2026-10-01T17:02:41.933409,1206,15,1186,15,0.0,0.0,0.0,,,,100.0
2026-10-01T17:02:50.759390,1206,15,1256,16,0.0,6.338972541988966e-05,0.0006338972541988967,,,,100.0
2026-10-01T17:02:59.633084,1206,15,1256,16,0.0,0.0,0.0,,,,100.0
2026-10-01T17:03:08.576635,1206,15,1256,16,0.0,0.0,0.0,,,,100.0
2026-10-01T17:03:17.432929,1206,15,1256,16,0.0,0.0,0.0,,,,100.0
2026-10-01T17:03:26.233929,1206,15,1256,16,0.0,0.0,0.0,,,,100.0
2026-10-01T17:03:35.076280,1206,15,1256,16,0.0,0.0,0.0,,,,100.0
2026-10-01T17:03:43.901660,1206,15,1256,16,0.0,0.0,0.0,,,,100.0
2026-10-01T17:03:52.720240,1206,15,1256,16,0.0,0.0,0.0,,,,100.0
2026-10-01T17:04:01.567223,1206,15,1256,16,0.0,0.0,0.0,,,,100.0
2026-10-01T17:04:15.417388,874,11,834,11,-0.0005267912003167915,-0.0006695960437761627,-0.005267912003167914,,,,100.0
2026-10-01T17:04:24.261560,1014,13,986,13,0.00012663172430569383,0.00013748587210332474,0.0013748587210332475,,,,100.0
2026-10-01T17:04:41.845619,1290,17,1250,17,0.00013791747682752415,6.351462748635982e-05,0.0013791747682752415,,,,100.0
2026-10-01T17:04:50.692822,1414,19,1374,19,0.00011227901966015756,0.00011227901966015756,0.0011227901966015755,,,,100.0
2026-10-01T17:04:59.551597,4062,41,4124,42,0.002393690849636913,0.0024858949533615973,0.024858949533615976,,,,100.0
2026-10-01T17:05:07.373863,4886,49,4916,50,0.0007455870662751413,0.000716632228749893,0.0074558706627514135,0.049,0.124,0.382,0.0
2026-10-01T17:05:15.220723,5010,51,10010,103,0.0001264259614154884,0.0051936600600846605,0.0519366006008466,0.065,0.132,0.262,0.0
2026-10-01T17:05:23.062944,5010,51,15286,157,0.0,0.005388625217338527,0.053886252173385274,0.059,0.152,0.459,0.0
2026-10-01T17:05:30.884919,5092,52,20186,207,8.356627847642693e-05,0.004993594689445024,0.04993594689445024,0.057,0.177,0.991,0.0
2026-10-01T17:05:38.752679,5174,53,25168,258,8.387895540336116e-05,0.005096157997799333,0.05096157997799333,0.058,0.132,0.328,0.0
2026-10-01T17:05:46.553810,5298,55,30192,310,0.00012646149760275538,0.005123730354485831,0.05123730354485831,0.059,0.148,0.423,0.0
2026-10-01T17:05:54.377606,5380,56,35174,361,8.385156536634114e-05,0.0050944938860379456,0.05094493886037946,0.059,0.145,0.333,0.0
2026-10-01T17:06:02.252210,5380,56,40156,412,0.0,0.005083332661021797,0.05083332661021797,0.062,0.157,0.647,0.0
2026-10-01T17:06:10.120429,5532,58,45056,462,0.00015472790067924027,0.004987938903475509,0.049879389034755084,0.063,0.139,0.498,0.0
2026-10-01T17:06:17.931103,5656,60,50150,515,0.00012645233497911589,0.0051947435030936795,0.05194743503093679,0.069,0.152,0.457,0.0
2026-10-01T17:06:25.791369,5738,61,55132,566,8.368468056967046e-05,0.005084354617049978,0.050843546170499784,0.056,0.125,0.282,0.0
2026-10-01T17:06:33.624105,5820,62,60604,622,8.357144878279293e-05,0.005576865460237109,0.05576865460237109,0.051,0.14,0.359,0.0
2026-10-01T17:06:41.452503,5820,62,66370,681,0.0,0.005889210046295207,0.05889210046295207,0.058,0.145,0.365,0.0
2026-10-01T17:06:49.292592,5944,64,71998,739,0.0001265258309166489,0.005742640132249194,0.05742640132249193,0.058,0.155,0.445,0.0
2026-10-01T17:06:57.121102,6026,65,77764,798,8.37512124606415e-05,0.005889140134732426,0.058891401347324256,0.05,0.133,0.249,0.0
2026-10-01T17:07:04.959520,6108,66,82942,851,8.36823212017446e-05,0.005284232429056506,0.05284232429056507,0.052,0.133,0.389,0.0
2026-10-01T17:07:12.771580,6108,66,87924,902,0.0,0.005106844407600822,0.051068444076008225,0.062,0.131,0.447,0.0
2026-10-01T17:07:20.585217,6232,68,92866,953,0.00012667533550357694,0.005048625064989333,0.05048625064989333,0.062,0.139,0.394,0.0
2026-10-01T17:07:28.426884,6314,69,98632,1012,8.39285125159467e-05,0.005901607355694497,0.05901607355694497,0.055,0.133,0.274,0.0
2026-10-01T17:07:36.256979,6396,70,104300,1070,8.365484322071323e-05,0.00578238599237808,0.05782385992378081,0.058,0.139,0.417,0.0
2026-10-01T17:07:44.067301,6478,71,110066,1129,8.39521590515315e-05,0.0059032701108674476,0.05903270110867448,0.059,0.106,0.462,0.0
2026-10-01T17:07:51.854795,6520,72,115776,1188,4.3093393778632445e-05,0.005858649487523601,0.058586494875236005,0.05,0.146,0.313,0.0
2026-10-01T17:07:59.689701,6602,73,121460,1246,8.380643322754362e-05,0.005809216664211683,0.05809216664211683,0.053,0.16,0.491,0.0
2026-10-01T17:08:07.555447,6754,75,127296,1306,0.0001548930617675223,0.005947078345231975,0.05947078345231975,0.055,0.182,2.052,0.0
2026-10-01T17:08:15.406263,6836,76,132964,1364,8.359644634879502e-05,0.005778349486645978,0.05778349486645978,0.053,0.145,0.334,0.0
2026-10-01T17:08:23.250649,6878,77,138772,1424,4.2802562590593396e-05,0.005918982941099202,0.059189829410992024,0.049,0.117,0.641,0.0
2026-10-01T17:08:31.043468,6960,78,144456,1482,8.405437839166141e-05,0.005826403497295163,0.058264034972951635,0.054,0.128,0.314,0.0
2026-10-01T17:08:38.863687,7042,79,150124,1540,8.382864459969241e-05,0.005794399482817763,0.05794399482817763,0.056,0.145,0.898,0.0
2026-10-01T17:08:46.704932,7124,80,155890,1599,8.383414372559438e-05,0.005894971618558259,0.05894971618558258,0.053,0.139,0.264,0.0
2026-10-01T17:08:54.540968,7248,82,161600,1658,0.00012646448035395408,0.005823485345331273,0.05823485345331273,0.051,0.143,0.241,0.0
2026-10-01T17:09:02.379439,7248,82,167366,1717,0.0,0.005885160423768371,0.0588516042376837,0.043,0.144,0.433,0.0
2026-10-01T17:09:10.176865,7330,83,173050,1775,8.411580333631892e-05,0.005830661294678497,0.058306612946784964,0.053,0.138,0.368,0.0
2026-10-01T17:09:18.024897,7412,84,178718,1833,8.361314172343942e-05,0.00577950350351774,0.0577950350351774,0.058,0.153,0.31,0.0
2026-10-01T17:09:25.819830,7494,85,184484,1892,8.397638021128208e-05,0.005904973271929907,0.05904973271929907,0.052,0.143,0.438,0.0
2026-10-01T17:09:33.667021,7576,86,190250,1951,8.386462037320755e-05,0.005897114647218473,0.05897114647218473,0.061,0.136,0.227,0.0
2026-10-01T17:09:41.494783,7618,87,195960,2010,4.287109326743213e-05,0.005828427203738987,0.058284272037389874,0.056,0.166,0.45,0.0
2026-10-01T17:09:49.337175,7700,88,201644,2068,8.370157671651888e-05,0.005801948317764552,0.05801948317764553,0.061,0.123,0.306,0.0
2026-10-01T17:09:57.170790,7782,89,207410,2127,8.361260559973355e-05,0.005879393705951996,0.05879393705951996,0.055,0.146,0.396,0.0
2026-10-01T17:10:04.960043,7864,90,213078,2185,8.420438025899917e-05,0.005820371064731796,0.058203710647317955,0.049,0.127,0.414,0.0
2026-10-01T17:10:12.789716,7864,90,218844,2244,0.0,0.005895535299526937,0.05895535299526936,0.056,0.135,0.215,0.0
2026-10-01T17:10:20.631951,7946,91,224430,2301,8.383087941056374e-05,0.005710723077895233,0.05710723077895233,0.051,0.157,0.391,0.0
2026-10-01T17:10:28.483495,8070,93,230238,2361,0.0001262903177271377,0.005915275527090448,0.059152755270904474,0.057,0.146,0.363,0.0
2026-10-01T17:10:36.435589,8152,94,235318,2413,8.255101861780485e-05,0.0051141362753469345,0.051141362753469345,0.05,0.129,0.401,0.0
2026-10-01T17:10:44.285835,8234,95,240300,2464,8.368593284487958e-05,0.005084430700404758,0.05084430700404757,0.064,0.185,0.561,0.0
2026-10-01T17:10:52.140992,8234,95,245282,2515,0.0,0.005067162387999548,0.05067162387999548,0.053,0.134,0.319,0.0
2026-10-01T17:11:00.008960,8316,96,250182,2565,8.346628530020111e-05,0.004987619487451042,0.04987619487451042,0.054,0.145,0.332,0.0
2026-10-01T17:11:07.855247,8398,97,255164,2616,8.339649679742889e-05,0.0050668456956681806,0.050668456956681804,0.055,0.123,0.262,0.0
2026-10-01T17:11:15.670040,8522,99,260188,2668,0.00012704494266267176,0.005147369289816636,0.051473692898166355,0.054,0.162,0.42,0.0
2026-10-01T17:11:23.540703,8522,99,265170,2719,0.0,0.005072831450161597,0.050728314501615974,0.057,0.142,0.432,0.0
2026-10-01T17:11:31.373257,8604,100,270070,2769,8.353058351388858e-05,0.004991461697781147,0.04991461697781147,0.049,0.143,0.463,0.0
2026-10-01T17:11:39.213739,8686,101,275052,2820,8.366366982650847e-05,0.005083078086288599,0.05083078086288599,0.054,0.14,0.59,0.0
2026-10-01T17:11:47.139150,8768,102,280034,2871,8.355095914071486e-05,0.005076230224866359,0.05076230224866359,0.057,0.121,0.25,18.0
2026-10-01T17:12:31.173387,646,7,606,7,-0.01286423052354566,-0.44257894690141797,-0.1286423052354566,,,,100.0
2026-10-01T17:12:40.021384,716,8,676,8,6.327917574060263e-05,6.327917574060263e-05,0.0006327917574060263,,,,100.0
2026-10-01T17:12:48.866453,786,9,746,9,6.333527246425286e-05,6.333527246425286e-05,0.0006333527246425286,,,,100.0
2026-10-01T17:12:57.721222,786,9,746,9,0.0,0.0,0.0,,,,100.0
2026-10-01T17:13:06.552520,856,10,816,10,6.334144685332481e-05,6.334144685332481e-05,0.0006334144685332481,,,,100.0
2026-10-01T17:13:15.378564,856,10,816,10,0.0,0.0,0.0,,,,100.0
2026-10-01T17:13:24.222000,856,10,816,10,0.0,0.0,0.0,,,,100.0
2026-10-01T17:13:33.024589,856,10,816,10,0.0,0.0,0.0,,,,100.0
2026-10-01T17:13:41.874219,926,11,886,11,6.343449346273503e-05,6.343449346273503e-05,0.0006343449346273502,,,,100.0
2026-10-01T17:13:50.718130,926,11,886,11,0.0,0.0,0.0,,,,100.0
2026-10-01T17:13:59.548911,926,11,886,11,0.0,0.0,0.0,,,,100.0
2026-10-01T17:14:08.376689,926,11,886,11,0.0,0.0,0.0,,,,100.0
2026-10-01T17:14:17.209614,926,11,886,11,0.0,0.0,0.0,,,,100.0
2026-10-01T17:14:26.063748,926,11,886,11,0.0,0.0,0.0,,,,100.0
2026-10-01T17:14:34.922597,926,11,886,11,0.0,0.0,0.0,,,,100.0
2026-10-01T17:14:43.757035,996,12,956,12,6.334012818283902e-05,6.334012818283902e-05,0.0006334012818283902,,,,100.0
2026-10-01T17:14:52.601928,996,12,956,12,0.0,0.0,0.0,,,,100.0
2026-10-01T17:15:01.440937,1030,13,904,12,3.073812787845615e-05,-4.7011254402344705e-05,0.0003073812787845615,,,,100.0
2026-10-01T17:15:10.279965,1182,15,1056,14,0.00013764222304335345,0.00013764222304335345,0.0013764222304335344,,,,100.0
2026-10-01T17:15:19.125185,1306,17,1180,16,0.000112184817937968,0.000112184817937968,0.00112184817937968,,,,100.0
2026-10-01T17:17:42.488579,5940,62,11302,119,8.398494666953671e-05,0.005102597613507706,0.05102597613507706,0.093,0.159,0.362,0.0
2026-10-01T17:17:50.330797,6064,64,16326,171,0.00012637322808663852,0.005120154015381225,0.05120154015381225,0.066,0.178,0.429,0.0
2026-10-01T17:17:58.170177,6146,65,21308,222,8.361600031896972e-05,0.005080181873037892,0.05080181873037893,0.064,0.164,0.431,0.0
2026-10-01T17:18:06.013372,6146,65,26290,273,0.0,0.005082286084532804,0.05082286084532804,0.066,0.126,0.277,0.0
2026-10-01T17:18:13.819570,6228,66,31190,323,8.398365723150719e-05,0.005018535615053478,0.05018535615053478,0.065,0.156,0.539,0.0
2026-10-01T17:18:21.728867,6352,68,36214,375,0.0001265399415387386,0.005126908599117927,0.05126908599117927,0.1,0.146,0.226,62.0
2026-10-01T17:24:47.708195,37756,512,17470874,519,0.014982115146123303,8.108156279232768,81.08156279232767,0.049,0.128,0.486,0.0
2026-10-01T17:24:55.527714,42738,563,17475856,570,0.0051033755493354975,0.0051033755493354975,0.051033755493354975,0.053,0.143,0.509,0.0
2026-10-01T17:25:03.356704,47762,615,17480880,622,0.005128579084118388,0.005128579084118388,0.051285790841183884,0.052,0.121,0.254,0.0
2026-10-01T17:25:11.183025,52704,666,17485974,675,0.005051278673056233,0.005206639733012637,0.05206639733012637,0.057,0.134,0.266,0.0
2026-10-01T17:25:19.036591,57686,717,17490874,725,0.0050891490660775526,0.005005385472456846,0.05089149066077553,0.049,0.128,0.323,0.0
2026-10-01T17:25:26.891136,62710,769,17495898,777,0.005111759682189198,0.005111759682189198,0.05111759682189197,0.056,0.113,0.238,0.0
2026-10-01T17:25:34.739489,67734,821,17500922,829,0.005119488040100364,0.005119488040100364,0.051194880401003645,0.052,0.13,0.378,0.0
2026-10-01T17:25:42.532038,72716,872,17505904,880,0.005099763753137508,0.005099763753137508,0.05099763753137509,0.051,0.128,0.314,0.0
2026-10-01T17:25:50.352105,77658,923,17510928,932,0.005069035302128725,0.0051531431319090885,0.05153143131909089,0.055,0.094,0.275,0.0
2026-10-01T17:25:58.196481,82682,975,17515870,983,0.005122346909032856,0.005038741724609947,0.051223469090328565,0.049,0.131,0.412,0.0
2026-10-01T17:26:06.045084,87664,1026,17520852,1034,0.00507747925951523,0.00507747925951523,0.050774792595152295,0.046,0.125,0.266,0.0
2026-10-01T17:26:13.891995,92688,1078,17525876,1086,0.005125742712308456,0.005125742712308456,0.051257427123084565,0.047,0.128,0.356,0.0
2026-10-01T17:26:21.752345,97630,1129,17530900,1138,0.005040075935286698,0.005123703257563814,0.05123703257563814,0.053,0.125,0.303,0.0
2026-10-01T17:26:29.533034,102612,1180,17535800,1188,0.0050919108045419355,0.005008101754768262,0.05091910804541935,0.05,0.144,0.943,0.0
2026-10-01T17:26:37.357411,107636,1232,17540824,1240,0.005154291732955,0.005154291732955,0.05154291732955,0.054,0.151,0.54,0.0
2026-10-01T17:26:45.190509,112660,1284,17545848,1292,0.005125607279967657,0.005125607279967657,0.05125607279967656,0.056,0.118,0.278,0.0
2026-10-01T17:26:53.055421,117642,1335,17550830,1343,0.005079321631512762,0.005079321631512762,0.050793216315127614,0.056,0.117,0.35,0.0
2026-10-01T17:27:00.900966,122584,1386,17555854,1395,0.0050333112569321626,0.005116826336468471,0.051168263364684705,0.05,0.135,0.385,0.0
2026-10-01T17:27:08.727391,127608,1438,17560796,1446,0.005129653074017734,0.00504592864088289,0.05129653074017734,0.047,0.12,0.22,0.0
2026-10-01T17:27:16.574431,132590,1489,17565778,1497,0.005089790248973742,0.005089790248973742,0.05089790248973742,0.055,0.116,0.209,0.0
2026-10-01T17:27:24.407734,137614,1541,17570802,1549,0.0051239300084592624,0.0051239300084592624,0.051239300084592626,0.062,0.086,0.133,0.0
2026-10-01T17:27:32.218876,142638,1593,17575826,1601,0.005146898449965857,0.005146898449965857,0.05146898449965857,0.065,0.124,0.415,0.0
2026-10-01T17:27:40.069089,147538,1643,17580808,1652,0.004998070187171464,0.0050817113617322935,0.05081711361732293,0.051,0.116,0.26,0.0
2026-10-01T17:27:47.875455,152562,1695,17585750,1703,0.005131734292229355,0.0050479758901666935,0.051317342922293556,0.053,0.162,0.616,0.0
2026-10-01T17:27:55.666866,157586,1747,17590774,1755,0.0051589387828149,0.0051589387828149,0.051589387828148994,0.055,0.155,0.453,0.0
2026-10-01T17:28:03.525631,162568,1798,17595756,1806,0.0050873506496660415,0.0050873506496660415,0.05087350649666041,0.053,0.127,0.299,0.0
2026-10-01T17:28:11.372952,167510,1849,17600780,1858,0.005038722127147377,0.005122326986399923,0.05122326986399923,0.048,0.133,0.233,0.0
2026-10-01T17:28:19.218723,172534,1901,17605722,1909,0.005122746016920024,0.005039134318395453,0.05122746016920024,0.053,0.146,0.426,0.0
2026-10-01T17:28:27.062628,177516,1952,17610704,1960,0.005082326412706483,0.005082326412706483,0.05082326412706483,0.046,0.116,0.219,0.0
2026-10-01T17:28:34.889935,182540,2004,17615728,2012,0.005131538715770672,0.005131538715770672,0.05131538715770671,0.049,0.141,0.341,0.0
2026-10-01T17:28:42.765042,187564,2056,17620752,2064,0.005114467786180966,0.005114467786180966,0.05114467786180966,0.064,0.138,0.447,0.0
2026-10-01T17:28:50.597078,192464,2106,17625734,2115,0.004984993384640396,0.00506841572291397,0.050684157229139694,0.048,0.128,0.239,0.0
2026-10-01T17:28:58.456471,197488,2158,17630676,2166,0.005133613804409115,0.005049824725595113,0.05133613804409116,0.048,0.125,0.246,0.0
2026-10-01T17:29:06.315464,202512,2210,17635700,2218,0.005107974048750524,0.005107974048750524,0.05107974048750524,0.051,0.116,0.196,0.0
2026-10-01T17:29:14.142085,207564,2262,17640682,2269,0.005156412395356993,0.005084965667788705,0.05156412395356993,0.048,0.136,0.384,0.0
2026-10-01T17:29:21.972653,212588,2314,17645706,2321,0.005129798398388237,0.005129798398388237,0.05129798398388237,0.046,0.134,0.557,0.0
2026-10-01T17:29:29.823355,217530,2365,17650730,2373,0.005041583898258914,0.005125236241370454,0.05125236241370454,0.047,0.132,0.266,0.0
2026-10-01T17:29:37.669947,222512,2416,17655630,2423,0.005079984731132417,0.004996371975622007,0.05079984731132417,0.05,0.141,0.336,0.0
2026-10-01T17:29:45.495946,227536,2468,17660654,2475,0.005128003727942568,0.005128003727942568,0.051280037279425685,0.047,0.13,0.349,0.0
2026-10-01T17:29:53.306110,232518,2519,17665636,2526,0.005106662038759184,0.005106662038759184,0.05106662038759184,0.047,0.111,0.25,0.0
2026-10-01T17:30:01.142457,237460,2570,17670660,2578,0.005044911471093372,0.00512861902686627,0.05128619026866269,0.054,0.136,0.419,0.0
2026-10-01T17:30:08.976694,242442,2621,17675560,2628,0.005088587660133436,0.005004833306835374,0.05088587660133436,0.053,0.145,0.505,0.0
2026-10-01T17:30:16.814154,247424,2672,17680542,2679,0.005079301414016096,0.005079301414016096,0.05079301414016096,0.053,0.168,0.508,0.0
2026-10-01T17:30:24.671133,252448,2724,17685566,2731,0.005121078395629332,0.005121078395629332,0.05121078395629332,0.07,0.143,0.243,0.0
2026-10-01T17:30:32.490338,257472,2776,17690590,2783,0.005136076739709145,0.005136076739709145,0.05136076739709146,0.055,0.113,0.241,0.0
2026-10-01T17:30:40.344959,262372,2826,17695642,2835,0.00500208921864571,0.005157256067877169,0.051572560678771695,0.057,0.129,0.605,0.0
2026-10-01T17:30:48.185657,267354,2877,17700542,2885,0.005075634833170353,0.004992093673732383,0.05075634833170353,0.047,0.13,0.323,0.0
2026-10-01T17:30:56.025072,272336,2928,17705524,2936,0.005086076173315964,0.005086076173315964,0.05086076173315964,0.055,0.159,0.458,0.0
2026-10-01T17:31:03.863563,277402,2981,17710590,2989,0.005165682973435958,0.005165682973435958,0.05165682973435958,0.051,0.161,0.959,0.0
2026-10-01T17:31:11.665030,282302,3031,17715572,3040,0.005023186854397843,0.00510724834869593,0.0510724834869593,0.052,0.153,0.581,0.0
2026-10-01T17:31:19.518671,287284,3082,17720472,3090,0.005088553273398125,0.005004799486080051,0.05088553273398125,0.05,0.152,0.425,0.0
2026-10-01T17:31:27.350199,292266,3133,17725454,3141,0.00507703776401142,0.00507703776401142,0.05077037764011419,0.047,0.124,0.315,0.0
2026-10-01T17:31:35.187064,297290,3185,17730478,3193,0.005128914404074958,0.005128914404074958,0.051289144040749586,0.046,0.132,0.543,0.0
2026-10-01T17:31:43.031276,302314,3237,17735502,3245,0.005130409443990748,0.005130409443990748,0.05130409443990748,0.06,0.158,0.56,0.0
2026-10-01T17:31:50.872500,307214,3287,17740484,3296,0.00500285008098377,0.005086571245604314,0.050865712456043134,0.053,0.134,0.265,0.0
2026-10-01T17:31:58.713986,312196,3338,17745384,3346,0.005078141261107852,0.004994558847737551,0.05078141261107852,0.059,0.117,0.184,0.0
2026-10-01T17:32:06.553717,317220,3390,17750408,3398,0.005123803704488553,0.005123803704488553,0.051238037044885526,0.061,0.129,0.46,0.0
2026-10-01T17:32:14.368802,322202,3441,17755390,3449,0.00509485037882638,0.00509485037882638,0.050948503788263794,0.059,0.159,0.404,0.0
2026-10-01T17:32:22.214716,327226,3493,17760414,3501,0.005138767286002395,0.005138767286002395,0.05138767286002395,0.047,0.121,0.356,0.0
2026-10-01T17:32:30.050854,332126,3543,17765396,3552,0.004998542446748134,0.005082191524428409,0.050821915244284095,0.055,0.151,0.485,0.0
2026-10-01T17:32:37.906435,337150,3595,17770338,3603,0.005115860951006656,0.0050323616281598114,0.05115860951006656,0.067,0.146,0.371,0.0
2026-10-01T17:32:45.707753,342132,3646,17775320,3654,0.005091350184727538,0.005091350184727538,0.05091350184727538,0.05,0.085,0.184,0.0
2026-10-01T17:32:53.530843,347114,3697,17780302,3705,0.0051154533147913855,0.0051154533147913855,0.05115453314791386,0.045,0.076,0.116,0.0
2026-10-01T17:33:01.339545,352056,3748,17785326,3757,0.005049490276154976,0.005133273805625779,0.05133273805625778,0.06,0.117,0.294,0.0
2026-10-01T17:33:09.155419,357080,3800,17790268,3808,0.005139559095177662,0.005055672979372613,0.05139559095177662,0.055,0.122,0.364,0.0
2026-10-01T17:33:16.982378,362062,3851,17795250,3859,0.005095007680052588,0.005095007680052588,0.050950076800525886,0.053,0.14,0.476,0.0
2026-10-01T17:33:24.850933,367044,3902,17800232,3910,0.005079946292559106,0.005079946292559106,0.05079946292559106,0.048,0.092,0.179,0.0
2026-10-01T17:33:32.647228,372026,3953,17805214,3961,0.005092690604756357,0.005092690604756357,0.05092690604756357,0.038,0.086,0.231,0.0
2026-10-01T17:33:40.509033,377010,4005,17810280,4014,0.005083234970431967,0.005166867648516924,0.051668676485169235,0.047,0.128,0.426,0.0
2026-10-01T17:33:48.348826,381992,4056,17815180,4064,0.00507129299369144,0.004987823297689292,0.0507129299369144,0.048,0.151,0.713,0.0
2026-10-01T17:33:56.181916,386974,4107,17820162,4115,0.00508883752005405,0.00508883752005405,0.0508883752005405,0.051,0.149,0.38,0.0
2026-10-01T17:34:04.013273,391956,4158,17825144,4166,0.005102308090037596,0.005102308090037596,0.05102308090037596,0.049,0.092,0.204,0.0
2026-10-01T17:34:11.834334,396898,4209,17830168,4218,0.005055362721765828,0.005139243689630014,0.05139243689630013,0.056,0.129,0.339,0.0
2026-10-01T17:34:19.696320,401922,4261,17835110,4269,0.005116632360554573,0.005033120447026413,0.05116632360554573,0.06,0.153,0.344,0.0
2026-10-01T17:34:27.570763,406904,4312,17840092,4320,0.005074304761502348,0.005074304761502348,0.05074304761502348,0.056,0.15,0.323,0.0
2026-10-01T17:34:35.398913,411886,4363,17845074,4371,0.005065396204805194,0.005065396204805194,0.05065396204805195,0.051,0.126,0.263,0.0
2026-10-01T17:34:43.242092,416910,4415,17850098,4423,0.0051295115038433575,0.0051295115038433575,0.05129511503843357,0.056,0.114,0.244,0.0
2026-10-01T17:34:51.087384,421810,4465,17855080,4474,0.004996184773675482,0.005079794396418622,0.050797943964186215,0.054,0.15,0.899,0.0
2026-10-01T17:34:58.884729,426834,4517,17860022,4525,0.005146668404677952,0.005062666253168479,0.051466684046779516,0.048,0.118,0.354,0.0
2026-10-01T17:35:06.739032,431816,4568,17865004,4576,0.005094696503214841,0.005094696503214841,0.050946965032148406,0.064,0.119,0.304,0.0
2026-10-01T17:35:14.582238,436840,4620,17870028,4628,0.005106445494539175,0.005106445494539175,0.051064454945391746,0.051,0.131,0.213,0.0
2026-10-01T17:35:22.413030,441822,4671,17875010,4679,0.005093842670247174,0.005093842670247174,0.05093842670247174,0.05,0.124,0.257,0.0
2026-10-01T17:35:30.258977,446764,4722,17880034,4731,0.0050436961948237945,0.005127383586158387,0.051273835861583864,0.047,0.12,0.255,0.0
2026-10-01T17:35:38.071238,451746,4773,17884934,4781,0.005096337286632567,0.005012455380268884,0.05096337286632567,0.053,0.094,0.267,0.0
2026-10-01T17:35:45.890659,456770,4825,17889958,4833,0.0051381371777670095,0.0051381371777670095,0.05138137177767009,0.052,0.147,0.444,0.0
2026-10-01T17:35:53.745107,461752,4876,17894940,4884,0.0050809210212273085,0.0050809210212273085,0.05080921021227309,0.05,0.137,0.345,0.0
2026-10-01T17:36:01.598633,466694,4927,17899964,4936,0.005030588735468869,0.0051140586416421685,0.05114058641642169,0.05,0.155,0.522,0.0
2026-10-01T17:36:09.443562,471676,4978,17904864,4986,0.005079835456877784,0.0049962251583101445,0.05079835456877784,0.053,0.121,0.271,0.0
2026-10-01T17:36:17.257889,476700,5030,17909888,5038,0.005140885224703639,0.005140885224703639,0.05140885224703638,0.054,0.137,0.356,0.0
2026-10-01T17:36:25.106766,481682,5081,17914870,5089,0.00508940099542911,0.00508940099542911,0.050894009954291095,0.054,0.137,0.321,0.0
2026-10-01T17:36:32.954130,486706,5133,17919894,5141,0.005112283957585904,0.005112283957585904,0.051122839575859044,0.05,0.114,0.284,0.0
2026-10-01T17:36:40.806197,491606,5183,17924876,5192,0.0049996415402548365,0.005083309010928488,0.050833090109284884,0.057,0.148,0.576,0.0
2026-10-01T17:36:48.650850,496630,5235,17929818,5243,0.005118927623142152,0.00503537824712749,0.05118927623142153,0.048,0.121,0.235,0.0
2026-10-01T17:36:56.483069,501612,5286,17934800,5294,0.005088084916578331,0.005088084916578331,0.05088084916578331,0.052,0.144,0.372,0.0
2026-10-01T17:37:04.334474,506636,5338,17939824,5346,0.00513060649586301,0.00513060649586301,0.0513060649586301,0.052,0.138,0.305,0.0
2026-10-01T17:37:12.191995,511618,5389,17944806,5397,0.005065367349305347,0.005065367349305347,0.050653673493053476,0.054,0.136,0.3,0.0
2026-10-01T17:37:20.053144,516560,5440,17949830,5449,0.005028728488695869,0.005112167528775404,0.051121675287754034,0.045,0.133,0.227,0.0
2026-10-01T17:37:27.889848,521542,5491,17954730,5499,0.005085997410150407,0.005002285690432958,0.050859974101504064,0.051,0.11,0.266,0.0
2026-10-01T17:37:35.724486,526566,5543,17959754,5551,0.005126935885878981,0.005126935885878981,0.05126935885878981,0.049,0.142,0.413,0.0
2026-10-01T17:37:43.558030,531548,5594,17964736,5602,0.005084348740788034,0.005084348740788034,0.05084348740788033,0.05,0.144,0.477,0.0
2026-10-01T17:37:51.403803,536490,5645,17969760,5654,0.0050472946206072105,0.0051310417187233155,0.05131041718723316,0.057,0.117,0.218,0.0
2026-10-01T17:37:59.255165,541542,5697,17974660,5704,0.005147630026168293,0.0049927527965606955,0.05147630026168293,0.053,0.143,0.448,0.0
2026-10-01T17:38:07.106981,546566,5749,17979684,5756,0.0051237572959625536,0.0051237572959625536,0.05123757295962554,0.05,0.114,0.203,0.0
2026-10-01T17:38:14.926024,551548,5800,17984666,5807,0.005083814057803628,0.005083814057803628,0.050838140578036276,0.051,0.131,0.266,0.0
2026-10-01T17:38:22.758698,556572,5852,17989690,5859,0.005128575807592463,0.005128575807592463,0.05128575807592463,0.053,0.134,0.585,0.0
2026-10-01T17:38:30.611621,561472,5902,17994672,5910,0.005000131279635843,0.005083806945948116,0.05083806945948116,0.047,0.126,0.265,0.0
2026-10-01T17:38:38.454666,566496,5954,17999614,5961,0.005124776452450446,0.005041131613855515,0.051247764524504455,0.045,0.161,0.618,0.0
2026-10-01T17:38:46.268050,571478,6005,18004596,6012,0.0050979494329266226,0.0050979494329266226,0.050979494329266226,0.052,0.129,0.377,0.0
2026-10-01T17:38:54.103578,576502,6057,18009620,6064,0.005125216452076545,0.005125216452076545,0.05125216452076545,0.053,0.123,0.26,0.0
2026-10-01T17:39:01.923355,581444,6108,18014644,6116,0.00505623764420176,0.005140133129192563,0.05140133129192563,0.057,0.099,0.269,0.0
2026-10-01T17:39:09.757312,586426,6159,18019544,6166,0.005085566809094712,0.005001862176749115,0.050855668090947125,0.048,0.113,0.233,0.0
2026-10-01T17:39:17.623557,591408,6210,18024526,6217,0.005081434397943475,0.005081434397943475,0.050814343979434747,0.049,0.095,0.669,0.0
2026-10-01T17:39:25.429153,596432,6262,18029550,6269,0.0051333840071947625,0.0051333840071947625,0.05133384007194763,0.067,0.141,0.355,0.0
