timestamp,rx_bytes,rx_packets,tx_bytes,tx_packets,rx_rate,tx_rate,utilization,min_latency,avg_latency,max_latency,packet_loss
2026-09-16 16:53:32.450125,5158,53,10336,108,0.0001270072556918,0.0051458423596431,0.0514584235964319,0.067,0.171,0.408,0.0
2026-09-16 16:53:40.274582,5158,53,15318,159,0.0,0.0050925591993679,0.0509255919936798,0.069,0.194,0.563,0.0
2026-09-16 16:53:48.124427,5240,54,20708,214,8.368979171717068e-05,0.0055010728945798,0.0550107289457987,0.083,0.196,0.365,0.0
2026-09-16 16:53:55.984128,5322,55,25690,265,8.340393659082553e-05,0.0050672977084816,0.0506729770848161,0.076,0.202,0.489,0.0
2026-09-16 16:54:03.834245,5404,56,30672,316,8.355924616076375e-05,0.0050767337118649,0.0507673371186493,0.064,0.195,0.363,0.0
2026-09-16 16:54:11.671285,5528,58,35696,368,0.0001265849572484,0.0051287324614215,0.0512873246142151,0.066,0.224,0.481,0.0
2026-09-16 16:54:19.498305,5528,58,40678,419,0.0,0.0050881775279199,0.0508817752791991,0.094,0.233,0.591,0.0
2026-09-16 16:54:27.337143,5680,60,45578,469,0.0001553741890283,0.0050087731989396,0.0500877319893963,0.081,0.206,0.739,0.0
2026-09-16 16:54:35.172139,5762,61,50630,521,8.365454564138973e-05,0.0051539361534183,0.051539361534183,0.061,0.2,0.49,0.0
2026-09-16 16:54:43.088758,5886,63,55654,573,0.0001251987003707,0.0050725666988904,0.0507256669889049,0.081,0.2,0.813,0.0
2026-09-16 16:54:50.935480,5886,63,60636,624,0.0,0.0050854535621423,0.0508545356214239,0.078,0.197,0.745,0.0
2026-09-16 16:54:58.782403,5968,64,65536,674,8.36662698332214e-05,0.0049995697827168,0.0499956978271688,0.075,0.161,0.322,0.0
2026-09-16 16:55:06.631360,6050,65,70518,725,8.362033813456911e-05,0.0050804454217856,0.0508044542178564,0.08,0.185,0.589,0.0
2026-09-16 16:55:14.457009,6132,66,75500,776,8.362500426640597e-05,0.0050807289177467,0.0508072891774676,0.088,0.171,0.405,0.0
2026-09-16 16:55:22.303868,6256,68,80524,828,0.0001265879881913,0.0051288552634945,0.0512885526349456,0.101,0.169,0.278,0.0
2026-09-16 16:55:30.188950,6256,68,85506,879,0.0,0.0050518936156388,0.0505189361563885,0.074,0.146,0.301,0.0
2026-09-16 16:55:38.061057,6338,69,90406,929,8.342132403513535e-05,0.0049849327777093,0.049849327777093,0.065,0.151,0.297,0.0
2026-09-16 16:55:45.871706,6420,70,95388,980,8.37490507224049e-05,0.0050882654963295,0.0508826549632952,0.063,0.13,0.263,0.0
2026-09-16 16:55:53.706216,6502,71,100370,1031,8.375721900784168e-05,0.0050887617694764,0.0508876176947643,0.075,0.134,0.369,0.0
2026-09-16 16:56:01.535010,6502,71,105352,1082,0.0,0.0050969114375699,0.0509691143756999,0.061,0.143,0.362,0.0
2026-09-16 16:56:09.367084,6626,73,110376,1134,0.0001266584686723,0.0051317108597589,0.0513171085975896,0.067,0.141,0.329,0.0
2026-09-16 16:56:17.226427,6708,74,115276,1184,8.356513891222405e-05,0.0049935265935353,0.0499352659353534,0.071,0.137,0.365,0.0
2026-09-16 17:02:51.613962,10128,116,16330320,1708,8.575388591193745e-05,9.470851583468129,94.70851583468128,0.028,47.568,107.241,0.0
2026-09-16 17:02:59.275720,10128,116,25386584,1966,0.0,9.417775158812152,94.17775158812152,0.038,47.504,105.653,0.0
2026-09-16 17:03:07.000080,10210,117,34442766,2223,8.567705700457008e-05,9.462280749484895,94.62280749484894,0.048,22.179,104.662,0.0
2026-09-16 17:03:14.852028,10292,118,35825546,2307,8.447561678612228e-05,1.4245267485306603,14.245267485306606,0.065,0.264,2.085,0.0
2026-09-16 17:03:22.686753,10374,119,35830528,2358,8.377456532631975e-05,0.0050898156640942,0.050898156640942,0.065,0.204,0.742,0.0
2026-09-16 17:03:30.626276,10416,120,35835552,2410,4.243646622202641e-05,0.0050762096737966,0.0507620967379668,0.065,0.148,0.442,0.0
2026-09-16 17:03:38.562051,10498,121,35840452,2460,8.297521452310827e-05,0.0049582750141857,0.0495827501418573,0.095,0.198,0.473,0.0
2026-09-16 17:03:46.412957,10580,122,35845434,2511,8.30644685752055e-05,0.0050466729566057,0.0504667295660577,0.076,0.202,0.481,0.0
2026-09-16 17:03:54.263150,10704,124,35850458,2563,0.0001264376214463,0.0051227629850531,0.0512276298505314,0.093,0.226,0.467,0.0
2026-09-16 17:04:02.201795,10786,125,35855440,2614,8.254272731156308e-05,0.0050149739934903,0.0501497399349033,0.069,0.198,0.444,0.0
2026-09-16 17:04:10.039900,10786,125,35860422,2665,0.0,0.0050803282341684,0.0508032823416845,0.067,0.212,0.755,0.0
2026-09-16 17:08:43.090616,13042,153,110991352,4414,7.183965041105542e-05,9.557102035291582,95.5710203529158,1955.646,2253.181,2592.395,0.0
2026-09-16 17:12:57.115348,15244,180,232230346,6905,8.533171899226164e-05,8.40071001495147,84.00710014951468,0.046,44.658,107.457,0.0
2026-09-16 17:13:04.934510,15326,181,240302412,7140,8.552656823432334e-05,8.419220774889775,84.19220774889776,0.083,3.085,91.504,0.0
2026-09-16 17:13:12.767579,15408,182,240439364,7196,8.374000475268507e-05,0.1398580625718259,1.3985806257182594,0.078,0.195,0.59,0.0
2026-09-16 17:13:20.590552,15408,182,240444346,7247,0.0,0.0051003028858076,0.0510030288580762,0.062,0.177,0.468,0.0
2026-09-16 17:13:28.417171,15490,183,240449246,7297,8.386555339443139e-05,0.0050114781906428,0.0501147819064285,0.071,0.147,0.393,0.0
2026-09-16 17:13:36.251405,15572,184,240454228,7348,8.365044587511629e-05,0.0050822746506076,0.0508227465060767,0.069,0.192,1.603,0.0
2026-09-16 17:13:44.091908,15654,185,240459210,7399,8.380578485990831e-05,0.0050917124411227,0.0509171244112272,0.066,0.199,0.611,0.0
2026-09-16 17:13:51.945362,15736,186,240464192,7450,8.350390452331323e-05,0.0050733713699408,0.0507337136994081,0.093,0.185,0.341,0.0
2026-09-16 17:13:59.803859,15778,187,240469216,7502,4.275371533681828e-05,0.005114158710766,0.0511415871076607,0.083,0.191,0.776,0.0
2026-09-16 17:14:07.652179,15860,188,240474116,7552,8.361606130447043e-05,0.0049965695169744,0.0499656951697445,0.084,0.208,1.148,0.0
2026-09-16 17:14:15.486517,15942,189,240479098,7603,8.375283383755655e-05,0.0050884953436427,0.0508849534364276,0.093,0.21,0.556,0.0
2026-09-16 17:14:23.337873,16024,190,240484080,7654,8.349754656882277e-05,0.0050729850854375,0.050729850854375,0.073,0.18,0.371,0.0
2026-09-16 17:14:31.195311,16024,190,240489062,7705,0.0,0.0050749862725849,0.0507498627258495,0.108,0.195,0.394,0.0
2026-09-16 17:14:39.011497,16106,191,240493962,7755,8.362896936281963e-05,0.0049973408521684,0.0499734085216849,0.065,0.199,0.554,0.0
2026-09-16 17:14:46.866619,16230,193,240498986,7807,0.0001267784194237,0.0051365707998776,0.0513657079987768,0.071,0.16,0.447,0.0
2026-09-16 17:14:54.747056,16312,194,240503968,7858,8.35163571608177e-05,0.0050741279435999,0.0507412794359992,0.095,0.194,0.358,0.0
2026-09-16 17:15:02.504629,16394,195,241887660,7952,8.350771114354883e-05,1.4091335591175531,14.091335591175532,0.048,43.433,103.288,0.0
2026-09-16 17:15:10.247352,16394,195,250025678,8189,0.0,8.385075673618063,83.85075673618063,0.039,43.452,107.664,0.0
2026-09-16 17:15:17.991073,16476,196,258163614,8425,8.479027260982013e-05,8.414851364893526,84.14851364893525,0.05,41.793,103.832,0.0
2026-09-16 17:15:25.746652,16558,197,266367584,8664,8.390492279455197e-05,8.394554505595373,83.94554505595373,0.045,43.186,106.598,0.0
2026-09-16 17:15:33.482740,16640,198,274504876,8900,8.533397379376353e-05,8.468139783904896,84.68139783904896,0.068,43.591,107.647,0.0
2026-09-16 17:15:41.226673,16640,198,282577668,9136,0.0,8.347126170507613,83.47126170507613,0.032,46.415,108.229,0.0
2026-09-16 17:15:48.971443,16722,199,290715604,9372,8.498975488400281e-05,8.434648608557346,84.34648608557346,0.057,45.88,107.083,0.0
2026-09-16 17:15:56.716710,16804,200,298918848,9610,8.427922201479119e-05,8.431256369725656,84.31256369725656,0.048,44.539,107.659,0.0
2026-09-16 17:16:04.551844,16886,201,303778208,9774,8.4791537288387e-05,5.024787861435319,50.24787861435319,0.072,0.218,0.442,0.0
2026-09-16 17:16:12.427107,16968,202,303783190,9825,8.346997960684343e-05,0.005071310224406,0.0507131022440602,0.08,0.194,0.479,0.0
2026-09-16 17:16:20.273153,16968,202,303788172,9876,0.0,0.0050724210833197,0.0507242108331975,0.071,0.19,0.297,0.0
2026-09-16 17:23:00.830428,21634,255,320136170,10421,0.0,8.411441219092286,84.11441219092286,0.056,44.57,107.583,0.0
2026-09-16 17:23:08.573993,21716,256,328274106,10657,8.449796635581915e-05,8.385841979680603,83.85841979680603,0.048,40.83,103.642,0.0
2026-09-16 17:23:16.318285,21798,257,336412124,10894,8.47205542124996e-05,8.408017014040214,84.08017014040213,0.048,45.264,107.53,0.0
2026-09-16 17:23:24.063071,21880,258,344550142,11131,8.48747675359801e-05,8.423321779922215,84.23321779922215,0.03,45.322,106.845,0.0
2026-09-16 17:23:31.808325,21962,259,352688160,11368,8.464706225104311e-05,8.400723368854992,84.00723368854992,0.047,45.331,107.853,0.0
2026-09-16 17:23:39.552254,21962,259,360826178,11605,0.0,8.396799452864355,83.96799452864356,0.019,41.64,103.83,0.0
2026-09-16 17:23:47.379808,22044,260,367062462,11799,8.468767987329828e-05,6.440688085255757,64.40688085255756,0.066,0.185,0.446,0.0
2026-09-16 17:23:55.286508,22126,261,367067444,11850,8.323702407846329e-05,0.0050571567555963,0.0505715675559639,0.069,0.157,0.513,0.0
2026-09-16 17:24:03.246372,22208,262,367072426,11901,8.230567798868633e-05,0.0050005718017028,0.0500057180170286,0.076,0.181,0.437,0.0
2026-09-16 17:24:53.687295,22618,267,374823182,12195,8.496727563006397e-05,5.238644944736135,52.38644944736135,0.068,28.592,105.701,0.0
2026-09-16 17:25:01.479230,22618,267,379944106,12363,0.0,5.2406048544979456,52.406048544979456,0.052,28.732,105.533,0.0
2026-09-16 17:25:09.274985,22700,268,385064948,12530,8.422114664230634e-05,5.259551036757088,52.59551036757089,0.059,27.386,107.991,0.0
2026-09-16 17:25:17.069082,22782,269,390185872,12698,8.421477952758172e-05,5.259237629725632,52.59237629725633,0.047,27.852,105.606,0.0
2026-09-16 17:25:24.863887,22864,270,395306796,12866,8.40365156112998e-05,5.248104995979022,52.48104995979021,0.057,25.201,101.222,0.0
2026-09-16 17:25:32.658788,23016,272,400427720,13034,0.0001560542324838,5.257512265974598,52.57512265974598,0.044,29.072,106.27,0.0
2026-09-16 17:25:40.515209,23016,272,405613870,13203,0.0,5.2702104551119975,52.70210455111998,0.028,18.47,106.055,0.0
2026-09-16 17:25:48.578810,23098,273,406734212,13280,8.222691139840623e-05,1.1234422240233322,11.234422240233322,0.074,0.131,0.272,0.0
2026-09-16 17:28:49.756119,24616,292,419632048,14114,0.0,8.416596334205988,84.16596334205988,0.075,20.477,51.745,0.0
2026-09-16 17:28:57.405283,24698,293,427655420,14862,8.617260707562457e-05,8.43164491192156,84.3164491192156,0.089,17.199,37.342,2.0
2026-09-16 17:29:05.155482,24780,294,435723824,15756,8.579929707566601e-05,8.442236484420633,84.42236484420633,0.067,32.682,75.478,6.0
2026-09-16 17:29:12.906010,24862,295,443914846,16271,8.459424212851104e-05,8.450162174975132,84.50162174975132,0.058,30.867,82.544,2.0
2026-09-16 17:29:20.641543,24862,295,452064154,16877,0.0,8.410563757560938,84.10563757560938,0.085,29.816,65.656,4.0
2026-09-16 17:29:28.374638,24944,296,460217332,17674,8.493874817667901e-05,8.445374792459019,84.45374792459019,0.057,32.896,68.823,4.0
2026-09-16 17:29:36.089609,25026,297,468383736,18374,8.469926264332997e-05,8.435224356677324,84.35224356677324,0.091,11.937,32.454,4.0
2026-09-16 17:29:43.930860,25108,298,470241048,18676,8.493339420178881e-05,1.9237538079477168,19.23753807947717,0.067,0.19,0.367,0.0
2026-09-16 17:29:51.853743,25190,299,470246030,18727,8.35537373675106e-05,0.0050763990190846,0.050763990190846,0.099,0.191,0.42,6.0
2026-09-16 17:29:59.755355,25190,299,470250718,18775,0.0,0.0047313449578296,0.0473134495782961,0.072,0.189,0.329,2.0
2026-09-16 17:30:07.612795,25314,301,470255562,18825,0.0001253919961699,0.0048983776568331,0.0489837765683313,0.099,0.198,0.668,0.0
2026-09-16 17:30:15.505762,25396,302,470260544,18876,8.37432900310498e-05,0.0050879154992035,0.0508791549920353,0.087,0.188,0.409,6.0
2026-09-16 17:30:23.363390,25478,303,470265232,18924,8.291072380622866e-05,0.0047400667463853,0.0474006674638536,0.067,0.224,0.473,0.0
2026-09-16 17:30:31.286808,25478,303,470270214,18975,0.0,0.0050661741993125,0.0506617419931256,0.088,0.211,0.524,8.0
2026-09-16 17:30:39.188596,25602,305,470274764,19022,0.0001252973074514,0.0045976028137428,0.0459760281374281,0.067,0.178,0.432,2.0
2026-09-16 17:30:47.032568,25684,306,470279648,19072,8.365541549459356e-05,0.0049825981618974,0.0498259816189749,0.074,0.092,0.141,2.0
2026-09-16 17:30:54.822187,25766,307,470284532,19122,8.362360894691814e-05,0.0049807037328871,0.0498070373288717,0.08,0.096,0.154,0.0
2026-09-16 17:31:02.656737,25848,308,470289514,19173,8.422248721019457e-05,0.0051170296497706,0.051170296497706,0.082,0.094,0.122,6.0
2026-09-16 17:31:10.524369,25890,309,470294244,19222,4.274625355417224e-05,0.0048140423645532,0.048140423645532,0.069,0.171,0.597,4.0
2026-09-16 17:31:18.388730,25972,310,470298948,19270,8.338765318385202e-05,0.0047836039094736,0.0478360390947365,0.117,0.212,0.376,2.0
2026-09-16 17:31:26.198335,26054,311,470303832,19320,8.347918007943962e-05,0.0049721014086339,0.0497210140863393,0.079,0.194,0.481,0.0
2026-09-16 17:31:34.064043,26136,312,470308814,19371,8.39576436524767e-05,0.0051009387887394,0.0510093878873949,0.071,0.166,0.278,4.0
2026-09-16 17:31:41.974534,26218,313,470313600,19420,8.305099465264014e-05,0.0048473422000918,0.0484734220009189,0.107,0.187,0.309,6.0
2026-09-16 17:31:49.956765,26260,314,470318330,19469,4.2441403123631247e-05,0.0047797103993994,0.0477971039939942,0.085,0.142,0.405,4.0
2026-09-16 17:31:57.944036,26342,315,470323034,19517,8.140234793941336e-05,0.0046697151793536,0.0466971517935366,0.125,0.212,0.452,4.0
2026-09-16 17:32:05.849394,26424,316,470327820,19566,8.256472967306003e-05,0.0048189609294544,0.0481896092945445,0.082,0.177,0.27,0.0
2026-09-16 17:32:13.754178,26506,317,470332802,19617,8.341252320097956e-05,0.0050678193974058,0.0506781939740585,0.087,0.22,0.906,8.0
2026-09-16 17:32:21.704985,26506,317,470337392,19664,0.0,0.0046227312269917,0.0462273122699174,0.07,0.199,0.793,6.0
2026-09-16 17:32:30.641401,26630,319,470342122,19713,0.0001103778265427,0.0042103799963496,0.0421037999634969,0.08,0.196,0.613,0.0
2026-09-16 17:32:38.542513,26712,320,470347022,19763,8.358486105696597e-05,0.0049947051119406,0.0499470511194064,0.082,0.17,0.325,2.0
2026-09-16 17:32:46.446708,26794,321,470351906,19813,8.287122333436492e-05,0.0049358909117687,0.0493589091176875,0.091,0.188,0.392,2.0
2026-09-16 17:32:54.338833,26876,322,470356790,19863,8.26345420701605e-05,0.0049217939447641,0.0492179394476419,0.099,0.184,0.487,0.0
2026-09-16 17:35:50.703959,28354,341,470372560,20028,4.279014348062086e-05,0.0049188288743913,0.0491882887439137,0.074,0.166,0.497,0.0
2026-09-16 17:35:58.608685,28436,342,470377460,20078,8.364892001013955e-05,0.0049985330249961,0.0499853302499614,0.081,0.18,0.384,4.0
2026-09-16 17:36:06.542515,28518,343,470382246,20127,8.263939171072784e-05,0.0048233186430188,0.0482331864301882,0.077,0.19,0.371,2.0
2026-09-16 17:36:14.381745,28600,344,470387130,20177,8.314550702480843e-05,0.0049522275159654,0.0495222751596541,0.111,0.207,0.446,0.0
2026-09-16 17:36:22.288064,28682,345,470392112,20228,8.35503426277632e-05,0.0050761927679453,0.0507619276794532,0.075,0.152,0.329,6.0
2026-09-16 17:36:30.148034,28724,346,470396760,20276,4.257561865840076e-05,0.0047117017981963,0.0471170179819635,0.066,0.119,0.311,6.0
2026-09-16 17:36:38.026141,28806,347,470401366,20323,8.356724801877083e-05,0.0046940334679812,0.046940334679812,0.098,0.191,0.483,4.0
2026-09-16 17:36:45.930583,28888,348,470406152,20372,8.293642256197285e-05,0.0048406551022146,0.0484065510221465,0.071,0.165,0.423,6.0
2026-09-16 17:36:53.820842,28970,349,470410840,20420,8.324489381921969e-05,0.0047591714905427,0.047591714905427,0.069,0.169,0.588,4.0
2026-09-16 17:37:01.621683,28970,349,470415626,20469,0.0,0.0048640365281192,0.048640365281192,0.065,0.175,0.383,0.0
2026-09-16 17:37:09.206849,29094,351,470897116,20598,0.0001272004096582,0.49391713908357,4.9391713908357,0.085,21.031,43.86,0.0
2026-09-16 17:37:16.826187,29176,352,478879516,21164,8.653706107805005e-05,8.424066296944227,84.24066296944227,0.049,36.638,81.42,0.0
2026-09-16 17:37:24.492323,29258,353,486920194,21801,8.59570580758159e-05,8.428695436767503,84.28695436767504,0.059,15.289,33.627,4.0
2026-09-16 17:37:32.410912,29340,354,491777816,22542,8.510112690668957e-05,5.0413305644722834,50.41330564472284,0.075,0.172,0.401,4.0
2026-09-16 17:37:40.296617,29340,354,491782602,22591,0.0,0.004855576943087,0.0485557694308706,0.086,0.154,0.322,4.0
2026-09-16 17:37:48.209798,29422,355,491787306,22639,8.295737722039435e-05,0.0047589207615211,0.0475892076152115,0.11,0.196,0.528,4.0
2026-09-16 17:37:56.086715,29546,357,491792134,22689,0.0001250427974439,0.00486860182306,0.0486860182306001,0.097,0.194,0.436,0.0
2026-09-16 17:38:03.994880,29628,358,491797116,22740,8.351534823980451e-05,0.0050740666454964,0.0507406664549641,0.108,0.192,0.496,4.0
2026-09-16 17:38:11.908868,29710,359,491801902,22789,8.282107919753961e-05,0.0048339229882856,0.0483392298828566,0.116,0.212,0.697,2.0
2026-09-16 17:38:19.818257,29752,360,491806828,22840,4.2449566930639925e-05,0.0049787277785793,0.0497872777857934,0.074,0.237,0.597,2.0
2026-09-16 17:38:27.737859,29834,361,491811630,22889,8.290657171450508e-05,0.0048550897240616,0.0485508972406162,0.077,0.191,0.351,2.0
2026-09-16 17:38:35.660234,29916,362,491816514,22939,8.280939626919073e-05,0.0049322084314478,0.0493220843144789,0.086,0.182,0.405,8.0
2026-09-16 17:38:43.522716,30040,364,491821146,22987,0.0001253210228413,0.0046813465951698,0.0468134659516984,0.071,0.172,0.737,0.0
2026-09-16 17:38:51.417887,30040,364,491826128,23038,0.0,0.005068745675214,0.0506874567521403,0.096,0.206,0.705,0.0
2026-09-16 17:38:59.294978,30122,365,491831028,23088,8.339703773663826e-05,0.0049834815232869,0.0498348152328692,0.075,0.186,0.344,2.0
2026-09-16 17:39:07.233745,30246,367,491835954,23139,0.0001258467093611,0.0049993620186531,0.0499936201865311,0.075,0.182,0.358,4.0
2026-09-16 17:39:15.116106,30328,368,491840740,23188,8.269843218339356e-05,0.0048267645906063,0.0482676459060636,0.108,0.184,0.436,2.0
2026-09-16 17:39:23.037194,30410,369,491845542,23237,8.282049584535987e-05,0.004850049037188,0.0485004903718802,0.077,0.226,0.546,8.0
2026-09-16 17:39:30.927718,30452,370,491850174,23285,4.251081879755007e-05,0.0046883360159583,0.0468833601595838,0.057,0.189,0.325,6.0
2026-09-16 17:39:38.860365,30534,371,491854780,23332,8.296323041253249e-05,0.0046601053570746,0.0466010535707469,0.097,0.197,0.394,4.0
2026-09-16 17:39:46.778458,30616,372,491859566,23381,8.27767454272122e-05,0.0048313354099346,0.048313354099346,0.088,0.206,0.491,4.0
2026-09-16 17:39:54.691443,30740,374,491864394,23431,0.0001253001713893,0.0048786228021611,0.0487862280216113,0.084,0.188,0.421,2.0
2026-09-16 17:40:02.554081,30822,375,491869278,23481,8.288219967914237e-05,0.0049365446735723,0.0493654467357233,0.076,0.194,0.422,0.0
2026-09-16 17:40:10.425312,30822,375,491874260,23532,0.0,0.0050647381355846,0.0506473813558467,0.105,0.179,0.452,0.0
2026-09-16 17:40:18.280281,30946,377,491879202,23583,0.000126282824144,0.005032981588064,0.05032981588064,0.066,0.209,0.445,0.0
2026-09-16 17:40:26.181007,31028,378,491884184,23634,8.355102256848945e-05,0.0050762340784904,0.0507623407849042,0.096,0.204,0.415,8.0
2026-09-16 17:40:34.099261,31110,379,491888774,23681,8.27439212557299e-05,0.0046316414459,0.046316414459,0.068,0.208,0.732,4.0
2026-09-16 17:40:41.981509,31234,381,491893602,23731,0.0001259364211315,0.0049033954937351,0.0490339549373514,0.095,0.189,0.34,6.0
2026-09-16 17:40:49.860833,31234,381,491898290,23779,0.0,0.0047568869279365,0.0475688692793655,0.068,0.136,0.309,6.0
2026-09-16 17:40:57.691796,31316,382,491902896,23826,8.323176666166937e-05,0.0046751892346786,0.0467518923467864,0.076,0.162,0.441,0.0
